UID,documents,source,credits,document,name,description
rare-earth-mining-in-mountains-of-myanmar,,WomenSexWorkersInRareEarthProductionSites-2.pdf,,,"Mining Site in Kachin State Myanmar, Global witness",
rare-earth-mining-in-mountains-of-myanmar,,GW_Myanmar_rare_earths_policy_recommendations.pdf,,,"Global Witness (2022), HEAVY RARE EARTHS SUPPLY CHAIN RISKS: Illicit minerals from Myanmar are the world’s largest source of supply",
exploratory-fracking-at-kirby-misperton-yorkshire,,image.webp,,,Police remove tea and refreshments,An elderly tea-lady was forcibly moved from her table by police at the Kirby Misperton fracking site (Photo: Yorkshire Post)
illegal-boreholes-for-strawberry-farming-in-donana,,informe_robo_del_agua_en_donana_2__1_.pdf,,,Report (Spanish) on Illegal Water Use,
macarthur-metallic-black-sand-mining,,MacArthur__Leyte_Post_Yolanda_publication.pdf,,,MacArthur Leyte: rising above the challenges of mining and super typhoon Yolanda,
macarthur-metallic-black-sand-mining,,MGB_2013_MPSA_NICUA_appears__R8_MTSR_JAN_2013.pdf,,,,
shale-gas-hydraulic-fracturing-ile-anticosti,,Area_open_for_exploration__in_blue_-_source-_Corridor_Resources.jpg,,,Area open for oil and gas exploration ,Source: Corridor Resources
shale-gas-hydraulic-fracturing-ile-anticosti,,Initial_petrol_exploration_on_Anticosti-_source-_Le_Devoir.jpg,,,Initial exploration on Anticosti ,Source: LeDevoir
shale-gas-hydraulic-fracturing-ile-anticosti,,shipwreck-source-_www.quebecmaritime.ca.jpg,,,Shipwreck on Anticosti,Source: www.quebecmaritime.ca
shale-gas-hydraulic-fracturing-ile-anticosti,,Protest_against_oil_and_gas_eploration_in_Quebec-_Montreal__April_2013-_The_real_thugs_are_the_government_-_source-_www.sabotagemedia.anarkhia.org.jpg,,,Protest against shale gas exploration in Québec,Source: www.sabotagemedia.anarkhia.org
military-polygon-on-sinjajevina-montenegro,,1-Pre-legal_analysis_plus_DPINU.docx,,,Pre-legal analysis plus DPINU,
military-polygon-on-sinjajevina-montenegro,,2-Synthetic_Legal_context.docx,,,2-Synthetic Legal context,
waste-management-in-subotica,,Construction_of_the_Subotica_Regional_Landfill.doc,,,Construction of the Subotica Regional Landfill,
champlain-hudson-power-express,,HydroQuebec_Map.pdf,,,HydroQuebec Dam Map,This map posted on HydroQuebec's website shows the power transmission lines and substations in Quebec. https://www.hydroquebec.com/data/projets/interconnexion-hertel-new-york/pdf/study-area.pdf
ilisu-dam-project-turkey,,Carkoglu-Eder_Developmentalism_alla_Turca.pdf,,,"A Çarkoğlu, Eder “Developmentalism alla Turca”",
lubicon-lake-nation-canada,,LLN_amnesty_map.pdf,,,Map of Oil Development on Lubicon Territory,This map from the Amnesty organization illustrates the amount of oil development projects on Lubicon territory.
lubicon-lake-nation-canada,,SAGD_project.pdf,,,SAGD project site,
pulot-citinickel-mine-in-palawan-philippines,,MGP_2014_Nov_Complete_List_of____MPSA_2A.pdf,,,[1] MGB document on mining concessions in 2014,
pulot-citinickel-mine-in-palawan-philippines,,a_RA_7611_SEP_for_Palawan_Act.pdf,,,Strategic Environment Plan for Palawan Act RA 7611,
pulot-citinickel-mine-in-palawan-philippines,,a_RA_7611_IRR.pdf,,,Strategic Environment Plan for Palawan Act RA 7611 (amended),
dai-ninh-hydropower-project-dong-nai-river-vietnam,,world_Bnak_1995__multi0page.pdf,,,[3] World Bank 1995. Document on the Viet  Nam-Dai  Ninh  Hydro  Power  Project,Source: http://www-wds.worldbank.org/external/default/WDSContentServer/WDSP/IB/1997/09/05/000009265_3971229181727/Rendered/PDF/multi0page.pdf
protect-kok-zhailau-ile-alatau-state-national-nature-park-kazakhstan,,UNESCO_2013-09-26_Northern_Tyan-Shan__Ile-Alatau_State_National_Park_.pdf,,,World Heritage Centre UNESCO,Information request about the project
protect-kok-zhailau-ile-alatau-state-national-nature-park-kazakhstan,,Kazakhstan_ACCC_C_2013_88_-_UNECE.pdf,,,UNECE,Information list Kazakhstan ACCC/C/2013/88
protect-kok-zhailau-ile-alatau-state-national-nature-park-kazakhstan,,2013.05.31_Communication_Kazakhstan_Eng.doc,,,Communication to the Aarhus Convention Compliance Committee,Communication to the Aarhus Convention Compliance Committee
protect-kok-zhailau-ile-alatau-state-national-nature-park-kazakhstan,,DatasheetC88_Kazakhstan.doc,,,Aarhus Convention Compliance Committee  DATASHEET,Aarhus Convention Compliance Committee  DATASHEET
protect-kok-zhailau-ile-alatau-state-national-nature-park-kazakhstan,,_____.pdf,,,Petition to Nazarbayev,Petition to Nazarbayev included more than 10000 signatures
protect-kok-zhailau-ile-alatau-state-national-nature-park-kazakhstan,,2013_06_00_______________________________________003_____.rtf,,,Letter to Biodiversity Convention,Letter to Biodiversity Convention
protect-kok-zhailau-ile-alatau-state-national-nature-park-kazakhstan,,European-ECO-Forum-Statement-KZ-30April2014.pdf,,,Statement of the European ECO Forum,Statement of the European ECO Forum
protect-kok-zhailau-ile-alatau-state-national-nature-park-kazakhstan,,Civil_Hearings_DZ.doc,,,Civil Hearings,Civil Hearings
protect-kok-zhailau-ile-alatau-state-national-nature-park-kazakhstan,,Resume_TEO_en.docx,,,Summary of the feasibility report of the project,Summary of the feasibility report of the project
protect-kok-zhailau-ile-alatau-state-national-nature-park-kazakhstan,,2015-02-05_UNESCO_Letter_Ile-Alatau_Natural_Park.pdf,,,World Heritage Centre UNESCO,Information on the construction project is requested by the secretariat of UNESCO repeatedly. However the government of Kazakhstan keeps silence.
protect-kok-zhailau-ile-alatau-state-national-nature-park-kazakhstan,,_____.pdf,,,Petition to Director General UNESCO,Petition to Director General UNESCO Irina Bokova has more than 14000 signatures
oil-and-gas-explorration-at-woodburn-forest-ireland,,drill_woodburn.jpg-large,,,Exploration site view,
significant-maritime-and-industrial-area-in-brooklyn,,sandyregionalassembly_recoveryagenda__3_.pdf,,,[6] Sandy Regional Assembly Recovery Agenda April 2013,Recovery from the ground up: Strategies for community-based resiliency in New York and New Jersey
exploracion-de-litio-en-san-luis-argentina,,ubicacion_mina_geminis.webp,,,Localización de minas en exploración,Fuente: https://www.latinresources.com.au/san-luis-argentina
stringfellow-toxic-waste-dump,,Stringfellow_FS_2011Update_0511.pdf,,,Stringfellow Update May 2011 DTSC,
the-people-versus-arctic-oil,,norway-sued-over-arctic-oil-exploration-plans.html,,,Greenpeace Activists (Photo: Greenpeace),"Greenpeace support the case, raising awareness in the Barents Sea during drilling season"
desarrollo-turistico-bahias-de-huatulco-y-despojo-de-tierras-comunales-en-oaxaca,,El_corazón_del_púrpura.pdf,,,Conmemoración de los 481 años de la Titulación del Pueblo de Santa María Huatulco,"Foto: El Imparcial de Oaxaca, 8 de enero 2020"
manglares-de-tumbes-y-langostineras,,Binder3.pdf,,,Foto de los manglares,Los manglares en el Santuario
wilmar-and-land-grab-in-cross-river-state,,third_FOE_Nigeria_2015.tiff,,,"Villagers, “By taking our farms, Wilmar is declaring us dead.” - Elder Aning Oja, Ibogo Village","Source. FoE Nigeria, 2015"
wilmar-and-land-grab-in-cross-river-state,,second_FOE_Nigeria_2015.tiff,,,"""Recently cleared farmland and forest near Ibogo Village, May 2015""",Source. FoE Nigeria
wilmar-and-land-grab-in-cross-river-state,,FOE_Nigeria_2015.tiff,,,"""Cleared land near Mbarakom Village, May 2015""",Source. Friends of the Earth Nigeria
quarry-naljezici-montenegro,,Izvje_taj_sa_javne_rasprave_o_koncesinim_aktima_o_mineralnim_sirovinama.pdf,,,Izvještaj sa javne rasprave o koncesionim aktima o mineralnim sirovinama,Report from the public discussion of the mineral resources concessions
royalcos-mining-explorations-in-bakun-municipality,,MGP_2014_Nov_Complete_List_of____EP_2A.pdf,,,"[12] Mines and Geosciences Bureau, 2014, list of exploration permits.",(accessed on 08/06/2015)
sea-gypsies-of-myanmar-livelihoods-threatened-by-the-pearl-producing-companies,,majegypsies.PDF,,,Salung (Moken) people protesting against the Pearl Company,Salung (Moken) people protesting against the Pearl Company. 2019 photo credit to Zaw Moe Oo (News-Eleven)
mamanwa-communities-of-dinarawan-and-bunga-asserting-ancestral-land-rights,,Mamanwa_Communities_of_Dinarawan_v1.pdf,,,Mamanwa people—Asserting Ancestral Land Rights Amidst the Challenge of the Mining Industry,
hidroelectricas-chicoa,,Laudo_Final_-_es.pdf,,,Mapa hidroeléctricas Chicoasén I y II,Fuente: GeoComunes
contaminacion-difusa-por-presion-antropica-generalizada-lago-villarrica-region-de-la-araucania-chile1,,ANEXO_5.pdf,,,Anexo 5,Definición de Meso oligotrofía
contaminacion-difusa-por-presion-antropica-generalizada-lago-villarrica-region-de-la-araucania-chile1,,ANEXO_6.pdf,,,Anexo 6,Afecto Plantas Tratamiento Aguas Servidas
contaminacion-difusa-por-presion-antropica-generalizada-lago-villarrica-region-de-la-araucania-chile1,,ANEXO_1.pdf,,,Anexo 1,Imágenes de bloom algales y enlace a comentario de terreno.
contaminacion-difusa-por-presion-antropica-generalizada-lago-villarrica-region-de-la-araucania-chile1,,ANEXO_9.pdf,,,Anexo 9,Anexo Plan de Descontaminación.
contaminacion-difusa-por-presion-antropica-generalizada-lago-villarrica-region-de-la-araucania-chile1,,ANEXO_11.pdf,,,Anexo 11,Causas Judiciales presentadas por ALVI
contaminacion-difusa-por-presion-antropica-generalizada-lago-villarrica-region-de-la-araucania-chile1,,ANEXO_13.pdf,,,Anexo 13,Extracto Decreto 90
contaminacion-difusa-por-presion-antropica-generalizada-lago-villarrica-region-de-la-araucania-chile1,,ANEXO_8.pdf,,,Anexo 8,Servicios ecosistémicos
contaminacion-difusa-por-presion-antropica-generalizada-lago-villarrica-region-de-la-araucania-chile1,,ANEXO_2__3_y_4.pdf,,,"Anexos 2,3 y 4",Antecedentes de cianotoxinas.
contaminacion-difusa-por-presion-antropica-generalizada-lago-villarrica-region-de-la-araucania-chile1,,ANEXO_7.pdf,,,Anexo 7,Cantidades de sustancias químicas vertidas
contaminacion-difusa-por-presion-antropica-generalizada-lago-villarrica-region-de-la-araucania-chile1,,ANEXO_10.pdf,,,Anexo 10,Expansión inmobiliaria
contaminacion-difusa-por-presion-antropica-generalizada-lago-villarrica-region-de-la-araucania-chile1,,ANEXO_12.pdf,,,Anexo 12,Actividades ante Seremi de Salud
contaminacion-difusa-por-presion-antropica-generalizada-lago-villarrica-region-de-la-araucania-chile1,,ANEXO_14_Informe__4___Cumplimiento_FINAL_11052020.pdf,,,Anexo 14,Cuarto Informe de Cumplimiento Calidad - Mayo 2020
contaminacion-difusa-por-presion-antropica-generalizada-lago-villarrica-region-de-la-araucania-chile1,,ANEXO_15_PRESUPUESTO_PDALV_comentado.pdf,,,Anexo 15,Presupuesto PDALV
save-polesia-stop-construction-of-e40-waterway,,SavePolesia_Factsheet_About-Polesia.pdf,,,Save Polesia Factsheet About Polesia,"A unique wilderness of global importance
Polesia is Europe’s largest wilderness area – a vital region for rare animals and plants, with a rich cultural heritage."
save-polesia-stop-construction-of-e40-waterway,,SavePolesia_Factsheet_E40-could-expose-people-to-radiation.pdf,,,Save Polesia Factsheet,"E40 waterway could pose increased radiation risk for millions of people
Constructing the E40 waterway through the Chernobyl exclusion zone could disturb and distribute radioactive sludge, threatening the lives of construction workers and the wider population. It would also contravene international recommendations."
save-polesia-stop-construction-of-e40-waterway,,SavePolesia_Factsheet_Polesia-under-threat.pdf,,,Save Polesia Factsheet ,"Polesia under threat – How a new waterway could destroy Polesia’s natural environment
E40 waterway would have devastating effects on Polesia’s nature, people, economies, and the global carbon balance."
save-polesia-stop-construction-of-e40-waterway,,SavePolesia_Factsheet_Impacts-of-E40-in-Poland.pdf,,,Save Polesia Factsheet ,"E40 waterway would lead to droughts, and destroy rivers and wildlife in Poland
Construction of the Polish section of the E40 waterway would have a massive impact on hydrology, severely reducing water available for agriculture, people, and the environment.  Droughts could increase by more than 2.5 times."
save-polesia-stop-construction-of-e40-waterway,,SavePolesia_Factsheet_Impacts-of-E40-in-Belarus-and-Ukraine.pdf,,,Save Polesia Factsheet,"E40 waterway would damage pristine wilderness areas in Ukraine and Belarus and turn an important carbon sink into a carbon source
Construction of the sections of the E40 waterway through Belarus and Ukraine would irrevocably change the meandering natural stretches of the Pripyat river, which lies at the heart of Polesia. It could destroy conservation areas of international importance."
save-polesia-stop-construction-of-e40-waterway,,SavePolesia_Factsheet_Investments-in-E40-are-doomed-to-fail.pdf,,,Save Polesia Factsheet,"Investments in E40 waterway are doomed to fail
Expert economic reports reveal that the E40 waterway would operate at a severe economic loss in the long-term, even under optimistic scenarios."
save-polesia-stop-construction-of-e40-waterway,,SavePolesia_Factsheet_Polesias-enormous-tourism-potential.pdf,,,Save Polesia Factsheet,"Polesia’s enormous potential for nature-based tourism
Nature-based tourism could provide a sustainable and profitable future for the region, but only if the E40 waterway project is stopped."
save-polesia-stop-construction-of-e40-waterway,,SavePolesia_Factsheet_E40-Impacts-on-protected-areas-in-Poland-Ukraine-Belarus.pdf,,,Save Polesia Factsheet,"E40 waterway would destroy biodiversity hotspots and key protected areas
Study reveals huge and devastating impacts of planned E40 waterway on biodiversity sites in Poland, Belarus and Ukraine. The E40 inland waterway project should be abandoned on biodiversity grounds alone, experts say."
waste-pickers-in-johannesburg-protest-and-organize-against-pikitups-separation-at-source-program,,PLANNED-PROTEST-ACTION-BY-WASTE-RECLAIMERS-04-07-2017.pdf,,,PLANNED PICKET DEMONSTRATIONS BY WASTE RECLAIMERS,Media Release from the City of Johannesburg and Pikitup regarding the planned waste picker protest in July 2017.
aprovechamiento-hidroelectrico-de-usos-multiples-paso-de-la-reyna,,informe_paso_de_la_reina.pdf,,,"INFORME PÚBLICO PASO DE LA REYNA, FEBRERO 2014",
bgmea-building-illegal-bangladesh,,BGMEA-_SUOMOTO_19_of_2010.pdf,,,BGMEA ,BGMEA Judgment
proyecto-hidroelectrico-bonyic-panama,,Convenio_Compensacion_Beneficios_Pueblo_Naso_-_HidroTeribe.pdf,,,"Convenio de Compensación y beneficios entre Hidroecológica del Teribe S.A y el pueblo originario Naso en el marco de la construcción del Proyecto Hidroeléctrico Bonyic "" firmado el 2012. ",
socially-equitable-urban-transportation-pune-india,,Flyover_Report_Parisar.pdf,,,4. Understanding the Flyover phenomenon,"Published by the NGO 'Parisar', this report conducts a perception and cost benefit analysis of the flyovers constructed and proposed by the governing bodies in the city of Pune. Demonstrates empirically that flyovers not only fail at elevating congestion issues, but exacerbates them in the medium to long term."
innovative-waste-utilization-iwu,,ADEQ_Timeline_1987_2007.pdf,,,[8] ADEQ Timeline 1987-2007,
innovative-waste-utilization-iwu,,Hazardous_Waste_Inspections_and_Enforcement_Report.pdf,,,[6] ADEQ FY 2001 Hazardous Waste Inspections and Enforcement Report,
innovative-waste-utilization-iwu,,FR-2004-03-17.pdf,,,"[9] National Archives and Records Administration Federal Register, Vol. 69, No. 52, Wednesday March 17, 2004_ Rules and Regulations     ",See p. 12545 for piece about 2000 lawsuit against ADEQ
impact-of-the-wall-surrounding-the-city-of-qalqilya-affecting-orchards,,Example_of_Qalqilya_s_Losses_Under_Seige.pdf,,,Example of Qalqilya's Losses Under Seige. 2005,
dominga,,Punta_Choros_dice__FUERA_PROYECTO_MINERO_DOMINGA_-_YouTube.html,,,Viral No a Dominga,cortometraje en oposición al proyecto minero-portuario Dominga
lago-lleu-lleu-chile,,Dialnet-TierrasMapuchesYConcesionesMineras-2082229.pdf,,,"OLCA - Minera amenaza tierras mapuches en Lleu-Lleu, 25/07/2005","OLCA - Minera amenaza tierras mapuches en Lleu-Lleu, 25/07/2005"
didipio-gold-and-copper-mine-nueva-vizcaya-philippines,,a_Oxfam_Mining_Ombudsman_Didipio_full_report.pdf,,,Oxfam Mining Ombudsman - Full report 2003,
didipio-gold-and-copper-mine-nueva-vizcaya-philippines,,a_CHR_Resolution_A2011-004.pdf,,,Resolution of the displacement complaints by the Comission on Human Rights in the Philippines,
didipio-gold-and-copper-mine-nueva-vizcaya-philippines,,a_statement-Oceana_Gold-final-abridged.pdf,,,Philippine groups express solidarity to people of El Salvador in fight against mining giant Oceana Gold/Pacific Rim Mining Corporation,
didipio-gold-and-copper-mine-nueva-vizcaya-philippines,,a_Submission_for_UPR_Australia_-_focus_on_Australia_Extraterritorial_obligation_of_Australia_in_the_Philippines_and_El_Salvador-_FINAL_3.23.2015.pdf,,,Human Rights Situation in Australia - With focus on the Government of Australia’s	responsibility toward the human	 rights violation	committed by Australian corporations,
northwest-florida-beaches-airport,,panhandle_paradox.pdf,,,"[1] Hal Herring, The Panhandle Paradox, MillerMccune, 17 August 2009 ",http://halherring.com/files/PDF/CoastalDev/panhandleparadox.pdf (accessed 18 June 2011)
contaminacion-por-relleno-sanitario-en-comunidad-de-puerto-rico-ecuador,,botadero.pdf,,,,
tolda-fria,,20110601.pdf,,,Rio Novo completa adquisición del 100% de la mina Tolda Fría,Documento de prensa de la multinacional Rio Novo donde anuncia detalles de la compra y del proyecto minero.
tolda-fria,,20110531-RN-NI_43-101_Technical_Report_for_Tolda_Fria_Gold_Project.pdf,,,Reporte técnico del Proyecto Tolda Fría,Documento oficial de la multinacional Rio Novo sobre Tolda Fría.
tolda-fria,,Exposici_n_Villamar_a_Tol..pptx,,,Irregularidades jurídicas del Proyecto TOLDA FRÍA,
tolda-fria,,rio_novo_corporate_presentation.pdf,,,Rio Novo Corporate Presentation,Presentación de los proyectos mineros de Almas y Matupá en Brasil y Tolda Fría en Colombia
tolda-fria,,ACCION_POPULAR_TOLDA_FRIA.docx,,,Acción Popular de la Sociedad de Mejoras Públicas,Acción Popular presentada por la Sociedad de Mejoras Públicas con anexos donde se describen la problemática de Tolda Fría con la multinacional Core Values mining and Exploration Company
displacement-of-waste-pickers-through-la-chureca-dumpsite-enclosure-managua-nicaragua,,Espinosa-Parra-Waste-Picker-Human-Rights-Chureca__Nicaragua.pdf,,,"Espinosa, T.; Parra, F. (2018): El Caso de la Chureca, Nicaragua. WIEGO report. ",
doloo-tea-workers-against-greenfield-airport-assam,,Ministry_of_Civil_Aviation_response__2_.pdf,,,[23] Ministry of Civil Aviation response (2),
doloo-tea-workers-against-greenfield-airport-assam,,Response_of_Assam_govt.pdf,,,[3] Government of Assam response,
doloo-tea-workers-against-greenfield-airport-assam,,Ministry_of_Civil_Aviation_response.pdf,,,[22] Ministry of Civil Aviation response,
doloo-tea-workers-against-greenfield-airport-assam,,MoU_doloo.pdf,,,[1] Memorandum of Understanding,
doloo-tea-workers-against-greenfield-airport-assam,,AMSU_statement.pdf,,,[4] AMSU statement,
doloo-tea-workers-against-greenfield-airport-assam,,lockout_notice.pdf,,,[21] Lockout notice,
a-proposed-copper-mine-on-a-land-that-is-sacred-to-the-apache-indigenous-of-arizona-usa,,Project-Facts-May-2018.pdf,,,[5]Copper Resolution Project Facts 2109,"Report on Environmental, social and economic consequences of the proposed copper mine"
tiradero-tetlama,,Desechos_de_hospitales_en_tiradero_Tetlama.pdf,,,Desechos de hospitales en tiradero Tetlama,
tiradero-tetlama,,crisis_de_basura_en_Cuernavaca.pdf,,,Crisis de basura en Cuernavaca,
elderly-antinuclear-activist-nun-breaks-into-a-government-complex-to-expose-nuclear-crimes-in-tennessee-usa,,y-12_graffiti.jfif,,,Y-12 Graffiti,Photo: Nuclear Resister
coal-mining-project-mina-guaiba-in-rio-grande-del-sul-brazil,,RIMA_rev00_FMT__2_.pdf,,,Relatório de Impacto Ambiental - RIMA,Informe de Impacto Ambiental contratado por la empresa minera
nuclear-power-station-in-ferrel-peniche-portugal,,BD_PT_ENER_CENTRAL_NUCLEAR_LEIRIA_FERREL_PENICHE_COMUNICADO_A_POPULA__O_DO_FERREL_1976.pdf,,,Ferrel manifesto 1976,
land-and-livelihood-conflicts-in-bhitarkanika-wildlife-sanctuary-odisha-india,,Ecological_History_of_An_Ecosystem_Under.pdf,,,Ecological History of an Ecosystem Under Pressure: The Case of Bhitarkanika in Odisha by Subhashree Banerjee,
british-nuclear-tests-at-maralinga,,Paul-Langley-04-08-2015_Maralinga.pdf,,,Submission by Paul Langley,Submission to the South Australian Nuclear Fuel Cycle Royal Commission - 20 The Fate of the Missing Maralinga Hospital Medical Files; Federal Hansard (Entry 2186) SENATE 14 MAY 1980 QUESTIONS WITHOUT NOTICE MARALINGA ATOMIC TESTS; Health impacts from the legacy of the Maralinga Nuclear tests
srae-roneam-village-against-illegal-loggin,,ADHOC_2013_LIST_OF_ELC_IN_NATURAL_PARKS-A-Turning-Point-Land-Housing-and-Natural-Resources-Rights-in-2012.pdf,,,"(12) ADHOC 2013 A turning point? Land, housing and natural resources in Cambodia in 2012",Report by the Human Rights NGO ADHOC
srae-roneam-village-against-illegal-loggin,,GlobalWitness_2013_Rubber_Barons_lores_0.pdf,,,(13) Global Witness 2013: Rubber Barons,Report by Global Witness on the involvement of Vietnamese rubber companies in land grabbing in Cambodia and Laos
srae-roneam-village-against-illegal-loggin,,USAID_2006_Human_Impact_of_forest_conflict__EXTENSIVE_LIST_FOR_VILLAGES.pdf,,,(11) USAID 2006: Human Impact of forest conflict,Report by USAID on forst conflicts
mining-of-white-clay-or-china-clay-netrokona-district-in-the-northern-part-of-bangladesh,,Judgement-White_Clay_WP_11373_of_2015.pdf,,,Judgement,
mining-of-white-clay-or-china-clay-netrokona-district-in-the-northern-part-of-bangladesh,,WP_11373_of_2015__White_Clay__Netrokona.pdf,,,Judgment,"White Clay, District of Netrokona"
port-colborne-class-action-lawsuit-against-vale,,Port_Colborne_smoke_stacks.jpg,,,Port Colborne,Sourced from: https://business.financialpost.com/legal-post/court-throws-out-environmental-class-action-against-inco
dumpsite-pollution-and-waste-picker-struggles-in-siem-reap-cambodia,,miguel_jeronimo_metal_trader.jpg,,,Materials recycled by waste pickers ultimately end up in larger collection centers that export to factories abroad,(Photo credit: Miguel Jeronimo)
africville-nova-scotia,,Africville_historial_photo.jpg,,,Historical photo of Africville from 1940s.,Photo by Ross Dunn. Sourced from: https://www.vice.com/en_ca/article/3b4jgb/africville-residents-want-compensation-for-the-homes-halifax-bulldozed-decades-ago-675
marbella-costa-rica,,AyA_Pozos_ilegales_Jeffrey_Allen.pdf,,,Pozos ilegales en Marbella,Documento del Instituto Costarricense de Acueductos y Alcantarillados donde se describe los pozos ilegales en la zona
marbella-costa-rica,,Oficio-DGA-0597-2018-Asesoría-Legal-Marbella__1_.pdf,,,Residencial Costa Dorada,"Residencial propiedad de Jeff Allen, principal desarrollador inmobiliario cuestionado por apropiación de agua potable para fines residencial"
socapalm-conflict,,Maps.docx,,,Some maps of the SOCAPALM,
canadian-farmers-struggle-to-keep-using-traditional-seeds-varieties,,C-18_-_A_Corporate_Agri-business_Promotion_Act.pdf,,,A Corporate Agri-business Promotion Act,Describe the background facts
canadian-farmers-struggle-to-keep-using-traditional-seeds-varieties,,save-our-seed-postcard__for_website_.pdf,,,National Farmers Union postcard against the Bill C-18 addressed to the Canadian House of Commons,
san-idelfonso-ixtahuacan,,EXPORT-TI-12-2013-MINAS-DE-GUATEMALA-SOCIEDAD-ANONIMA.pdf,,,Credencial para Exportadores de Productos Mineros ,
turismo-en-el-parque-nacional-canaima-venezuela-un-conflicto-sobre-autoridad-propiedad-y-control,,DECRETO_276.pdf,,,Reglamento Parcial de la Ley Orgánica para la Ordenación del Territorio sobre ADMINISTRACION Y MANEJO DE PARQUES NACIONALES Y MONUMENTOS NATURALES,"El presente Reglamento tiene por objeto establecer las normas generales por las cuales se regirá la administración y manejo de los parques nacionales y monumentos naturales, en cuanto a asignación de los usos permitidos; la regulación de las actividades y las modalidades de administración propiamente dicha, para asegurar que tales espacios territoriales permitan el disfrute del pueblo venezolano, respetando los principios de conservación, defensa y mejoramiento del ambiente."
rampur-hydroelectric-project-india,,PESE_report_on_Satluj_hydroprojects.pdf,,,Recommendations for CEIA Study: Addressing Environmental concerns in Hydroprojects of Satluj Basin.,"(10) A report prepared by the Panel of Environmental and Social Experts on Satluj basin hydropower projects appointed by the Directorate of Energy, Himachal Pradesh"
sappi-saiccor-pulp-mill-pollution-south-africa,,Sappi_Stone_Final_SER_2018-07-24_V1_Optimized.pdf,,,"WSP Basic Assessment Report, 2018",https://sahris.sahra.org.za/sites/default/files/additionaldocs/411000417_Sappi%20Saiccor_Expansion%20BAR_draft%202018-06-18_Final_signed.pdf
expansion-of-salem-airport,,Farmers_protest_against_airport_expansion_in_Salem_-_Times_of_India.pdf,,,Farmers protest against Airport Expansion in April 2018,Article in The Times of India
proyecto-hidroelectrico-santo-domingo-chiapas-mexico,,Mexico_SantoDomingo_EL_ESCARAMUJO_78_LA_MINI_REPRESA_SANTO_DOMINGO.pdf,,,Documento Otros Mundos,"El Escaramujo 78: LA ""MINI REPRESA"" SANTO DOMINGO, UN PROYECTO INVIABLE. http://otrosmundoschiapas.org/index.php/component/content/article/49-25-el-escaramujo/49-el-escaramujo/2984-el-escaramujo-78-la-mini-represa-santo-domingo-un-proyecto-inviable"
efemcukuru-gold-mine,,Ozen_Ozen_ISA_2014.pdf,,,Environmental Movements Against the Coalition of the State and Capital: Anti-Gold Mining Struggles in Turkey,Article by Hayriye Ozen and Sukru Ozen on anti-mining protests in Turkey.
poluicao-por-curtumes-rio-alviela-pernes-portugal,,Alvielareuniao.pdf,,,Comissão de Defesa do Rio Alviela Reunião de 17 de Março de 2006 Resumo,"Resumo da reunião realizada pela Comissão de Defesa do Rio Alviela no ano de 2006, ano seguinte ao da sua constituição,  com o intuito de elaborar um levantamento minucioso do Rio Alviela, particularmente do problema da poluição e buscar soluções para este problema."
waste-dumping-amin-bazar,,WP_7465_of_2006_Amin_Bazar_Waste_Dumping_Saver.pdf,,,Amin Bazar,Savar Amin Bazar Order
genesis-matsushima-plan,,220531_GENESIS_Matsushima__1_.pdf,,,Protest by young people in front of Electric Power Development Headquarters,"Citizens stand in front of Electric Power Development Headquarters demanding reconsideration of the life extension plan for the Matsushima coal-fired power plant in Chuo Ward, Tokyo, on November 11
Original photograph from JCP.or.jp. https://www.jcp.or.jp/akahata/aik21/2021-11-12/2021111214_02_0.html"
genesis-matsushima-plan,,GENESIS松島計画-計画段階環境配慮書_気候ネットワーク意見案___1_.pdf,,,GENESIS Matsushima ,"Nagasaki Prefecture, Seikai City Matsushima Thermal Power Station"
genesis-matsushima-plan,,news210416_2e.pdf,,,Opposition statements by Kikonetwork,Opposition statements by Kikonetwork
impacros-de-las-obras-asociadas-del-proyecto-de-nuevo-aeropuerto-de-la-ciudad-de-mexico-naicm,,Texto_CPOOEM_Abril-2021.pdf,,,[9] LUCHA CONTRA EL NUEVO AEROPOUERTO DE LA CIUDAD DE MÉXICO (NAICM) Y SUS OBRAS ASOCIADAS EN EL TERRITORIO DE LA CUENCA DEL VALLE DE MÉXICO.,Fuente: Coordinadora de Pueblos y Organizaciones del Oriente del Estado de México (CPOOEM)
proyecto-pachuca-reproceso-produccion-y-deposito-de-jales-mineros-altamente-toxicos-en-epazoyucan-hidalgo-mexico,,Acta_Epazoyucan_2018__1_.pdf,,,[19] Acta de cabildo Trigésima Cuarta Sesión Extraordinaria Pública que declara el municipio de Epazoyucan  como municipio libre de minería metálica ; 19 de septiembre del 2018.,Fuente: Ayuntamiento Epazoyucan
bikita,,Summary_report_of_the_Bikita_Participatory_Action_Research___Final.doc,,,"Bikita Minerals lithium mine from above, in the middle of the forest","Screenshot from the Youtube video ""Bikita Minerals 2018"" https://www.youtube.com/watch?v=P83KT82lcWw"
gbaraun-community-and-agip-nigeria,,2010_ASB_1st_edition.pdf,,,NNPC Annual Statistical Bulletin 2010,
industrial-zoning-in-austin,,Holly_Power_Plant_Decommissioning_Progress_Report_Fall_2015.pdf,,,Holly Power Plant Decommissioning Report Fall 2015,
industrial-zoning-in-austin,,Environmental_Justice_-_Shutting_Down_Holly_Street_Power_Plant__Austin_TX._.mp3,,,Shutting down the Holly Power Plant,
industrial-zoning-in-austin,,A_Proximity_and_EJ_Analysis_of_Industrial_Lands_in_Austin_Texax_by_Kymberlie_Koch_Final.pdf,,,"A Proximity and Environmental Justice Report of Industrial Lands in Austin, Texas",Final report by Kimberly Koch
industrial-zoning-in-austin,,How_EJ_Relates_to_Land_Use_Planning_and_Zoning__A_report_by_NAPA_2003.pdf,,,How Environmental Justice Relates to Land Use Planning and Zoning,A Report by the National Academy of Public Administration in 2003
harmful-wastes-threaten-residents-of-akpayak-community,,Field_report_331_Harmful_wastes_threaten_community_in_Akpayak.docx,,,Field Report 331 Harmful wastes threaten community in Akpayak,ERA/FoEN Field report 331 with pictures
rajaji-national-park,,High_Court_Order_on_Forest_Fires_and_everything_else_Jan_2017__1_.pdf,,, (PIL) No.54 OF 2016,"Uttarakhand High Court order in the matter of the Protection of Forest Environment from the Forest Fire, mentioning the need to rehabilitate the Van Gujjars as dangerous for the wildlife."
health-impact-of-substandard-living-conditions-on-roma-in-a-settlement-separated-by-wall-sliven-bulgaria,,centre_for_mother_and_child_health_minutes.pdf,,,Minutes meeting Centre for mother and child's health,"Document raising health and sanitarian issues affecting Romani communities in Nadejda. The Centre initiated several meetings with local and regional authorities, including Health inspectorate in regard to the identified problems in the Roma settlement."
dosab-lignite-fired-power-plant-turkey,,Dosab_Infosheet__2_.pdf,,,DOSAB Lignite Fired Power Plant info sheet,Info sheet in english prepared by the platform after the court success in March 2016
ken-betwa,,DRP_Nov_Dec2014.pdf,,,"Dams, Rivers & People - Violations in Ken Betwa EIA and Public Hearing Process: Sign of times to come?",
ken-betwa,,Ken-Betwa.PDF,,,NWDA - Executive Project Summary,
ken-betwa,,Ken_Betwa_Link_Project_-_Phase_I.pdf,,,Ken Betwa Link Project - Phase I,
waste-pickers-in-cape-coast-ghana-face-repressive-treatment-and-unsafe-working-conditions,,Interview_D_Alugnoa_GAYO.pdf,,,Interview with Desmond Alugnoa of Green Africa Youth Organization,"Interview with Desmond Alugnoa of Green Africa Youth Organization on April 22nd, 2019"
intexs-mindoro-nickel-project,,Mindoro_Campaign_Protecting_Island_Ecology_Defending_People_s_Rights_January_2012.pdf,,,Mindoro Campaign: Protecting Island Ecology Defending People’s Rights,"A compilation of several studies on the Mindoro critical ecosystems, including mining threat to food security and the Final Statement of the Norwegian NCP on the violated OECD Guidelines."
ofunato-port-biomass-coal-fired-power-plant,,190509eshift_hirata.pdf,,," Realization of coal-fired power phase-out and current discussion on new expansion by Kimiko Hirata, Director of NPO Kiko Network","- Coal-fired power in the long-term strategy - Realization of coal-fired power phase-out and current discussion prepared by the director of NPO Kiko Network, Kimiko Hirata. (in Japanese)"
megarepresas-sobre-el-maranon-chadin-2-y-rio-grande-1-y-2,,Mara_on_represas.pdf,,,Mas fotos en pdf,Enfrentamiento con la policía en la cuenca del Marañon
adloun-port,,L_MoE_to_MoWT-_Adloun_Port-_5989B-_22.01.2016.pdf,,,Letter of Environment Minister to Public Works Minister,
los-bosques-de-san-ignacio,,Binder_san_ignacio.pdf,,,,
illegal-logging-and-displacement-of-landless-peasants-in-colniza-mato-grosso-brazil,,Adriano_Vizoni_Folhapress__abandoned_house_after_massacre_2017,,,Abandoned houses after the 2017 massacre,"(Adriano Vizoni, Folhapress)"
illegal-logging-and-displacement-of-landless-peasants-in-colniza-mato-grosso-brazil,,land_2017_-_tvca,,,"The 'linha 15' settlement in Gleba Taquaruçu became attacked in 2017, nine peasants were killed",(TVCA)
disappearing-of-canals-of-dhaka-city-bangladesh,,WP_16898_of_2017__Canals_of_Dhaka_.pdf,,,Court Order,Canals of Dhaka
gran-canal-nicaraguas-project,,Ley_No._800_El_Gran_Canal.pdf,,,LEY No. 800 relativa a la creación del canal y a la autoridad reguladora ,julio 2012
riconversione-a-biomasse-della-centrale-termoelettrica-enel,,11_Delibera_CdM_Renzi_11_06_2015.pdf,,,Delibera CdM del Governo Renzi,[13] Delibera del 11 giugno 2015 del Consiglio dei Ministri
riconversione-a-biomasse-della-centrale-termoelettrica-enel,,Nota_Ordine_dei__Medici_di_PZ_su_Mercure.pdf,,,[3] Nota dell'ordine dei medici,Ordine dei Medici di Potenza (Pz) su Mercure
riconversione-a-biomasse-della-centrale-termoelettrica-enel,,Relazione_sanitaria_ISDE_su_Mercure.pdf,,,[2] Relazione sanitaria dell'ISDE del 28 febbraio 2014,A cura del Dott. Ferdinando Laghi
kobe-city-fight-against-coal,,Kobe_court_case_press_release_14Sep2018fin.pdf,,,Kobe residents marching to enter the court ,"Regarding the coal-fired power plant under construction by Kobe Steel, the Osaka District Court held the first argument of a trial in which local residents were seeking the cancellation of the notice permitting the installation of the coal-fired power plant. (photo credit to Sun-TV.Japan)(6)"
northern-access-pipeline,,Project_Overview_Map.pdf,,,Project Overview Map,
northern-access-pipeline,,Proposed_Empire_Pipeline_Facilities-2.pdf,,,Proposed Empire Pipeline facilities map,Indigenous groups and local ejos fight proposed Northern Access Pipeline by National Fuel Gas Supply Corporation & Empire Pipeline
ratnagiri-oil-refinery-nanar-maharashtra,,ratnagiri_-_newsclick.webp,,,Protesters not allowing land survey procedure (credits - Newsclick),
colombo-matara-highway,,whose_right_of_way.pdf,,,"S. Kuruppu, V. Genepola. Whose right of way? Development induced displacement. Centre for poverty analysis. Colombo, 2005",
colombo-matara-highway,,STDP-Harm.pdf,,,Request for Compliance Review: Southern Transport Development Project ,Request for Compliance to the Compliance Review Panel (CRP). The CRP is a fact-finding body on behalf of the ADB's Board of Directors. The CRP investigates alleged noncompliance by ADB with its operational policies and procedures in designing and implementing ADB-financed projects
aila-affected-people-need-protection-bangladesh,,Aila-WP_8483_of_2009.pdf,,,Aila-Judgement WP 8483 of 2009,
aila-affected-people-need-protection-bangladesh,,Annex-Aila.pdf,,,Newspaper Report,
yasuoka-offshore-wind-power-generation-japan,,100890015.pdf,,,Map of Yasuoka Bay and positions of wind turbines ,Map of Yasuoka Bay and positions of wind turbines (from the report of the New Energy and Industrial Technology Development Organisation (NEDO) )
janakalyan-community-forest-user-group,,Janakalya_CFUG_Photos.pdf,,,Photos of Janakalyan CFUG,
el-largo-comienzo-de-la-energia-eolica-en-yucatan-el-parque-eolico-dzilam-bravo-el-primero-entre-la-incertidumbre-y-la-injusticia,,33068001114609.pdf,,,"[10] Carta de solicitud de reunión pública de información en marco del PEIA dirigida al Delegado de la Semarnat en Yucatán, Diciembre del 2013",
el-largo-comienzo-de-la-energia-eolica-en-yucatan-el-parque-eolico-dzilam-bravo-el-primero-entre-la-incertidumbre-y-la-injusticia,,COMENTARIOS_MIA_EÓLICO_DZILAM__AGO_2013_VP.pdf,,,Mapa de la ubicación del Parque Eólico Dzilam Bravo dentro del Area de Importancia para la Conservación de Aves (AICA),Fuente: GeoComunes (2020)
el-largo-comienzo-de-la-energia-eolica-en-yucatan-el-parque-eolico-dzilam-bravo-el-primero-entre-la-incertidumbre-y-la-injusticia,,BOLETÍN_PRENSA__ACADEMICOS_Y_ORG_LOCALES__12_DIC_2013.pdf,,,Parque eólico Dzilam Bravo,Fuente: https://www.facebook.com/pages/Dzilam-De-Bravo-Parque-E%C3%B3lico/1440524122682499
bhobodoho-water-logging,,Ejatlas-Bhobodoho_Pictures.pdf,,,Bhobodaho Pictures,
bhobodoho-water-logging,,Bhobodaho_Court_Order-7123_of_2006.pdf,,,Bhobodaho Court Order,
proyecto-urbanistico-tierraviva-en-las-inmediaciones-de-rio-blanco-reserva-forestal,,Anexo_01-_Cronologi_üa_Conflicto_2003-2019_-V03-_versio_ün_listado.pdf,,,Obra suspendida del proyecto urbanístico la Aurora en las inmediaciones de la RFP Río Blanco,autor: Alexander Rodríguez Clavijo
proyecto-urbanistico-tierraviva-en-las-inmediaciones-de-rio-blanco-reserva-forestal,,Anexo_01-_Cronologia_Conflicto_2003-2019_-V03-_version_listado.pdf,,,Obra suspendida del proyecto urbanístico la Aurora en las inmediaciones de la RFP Río Blanco,autor: Alexander Rodríguez Clavijo
proyecto-urbanistico-tierraviva-en-las-inmediaciones-de-rio-blanco-reserva-forestal,,MATRIZ_DE_CASOS_DE_CONFLICTOS_SOCIOAMBIENTALES_Y_DERECHOS_DE_LA_NATURALEZA_Río_Blanco_Mzls.pdf,,,Obra suspendida del proyecto urbanístico la Aurora en las inmediaciones de la RFP Río Blanco,foto Alexander Rodríguez
proyecto-urbanistico-tierraviva-en-las-inmediaciones-de-rio-blanco-reserva-forestal,,MATRIZ_DE_CASOS_DE_CONFLICTOS_SOCIOAMBIENTALES_Y_DERECHOS_DE_LA_NATURALEZA_Río_Blanco_Mzls.pdf,,,"Castaño Álvarez, Juan David. (2020) Matriz de casos de conflictos socioambientales y derechos de la naturaleza Río Blanco Manizales. Elaboración propia del autor.",
proyecto-urbanistico-tierraviva-en-las-inmediaciones-de-rio-blanco-reserva-forestal,,Anexo_01-_Cronologia_Conflicto_2003-2019_-V03-_version_listado.pdf,,,"7] Mejía Sepúlveda, Paula Tatiana. (2021) Acción colectiva climática para la gestión del conflicto socioecológico en la Reserva Forestal Protectora Río Blanco, Manizales – Colombia, 2003-2019. Anexo 1. Cronología Conflicto Período 2003-2019.",
waste-pickers-fight-exclusion-from-recycling-work-at-santiagos-eco-park-rafey-dominican-republic,,Espinosa-Parra-Waste-Picker-Human-Rights-Rafey-Dominican-Republic.pdf,,,,
proposed-kangaluwi-copper-mine-in-the-lower-zambezi,,CBNRMF_2014_Lower_Zambezi_Mining_Press_Release.pdf,,,[8] Zambia CBNRMF (2014) Press Statement,
proposed-kangaluwi-copper-mine-in-the-lower-zambezi,,CBNRM_Forum__xxxx__Lower_Zambezi_Mining_Briefing.pdf,,,[14] Zambia CBNRMF (n.d.) Policy Advisory Note on the Proposed Kangaluwe large scale copper mining project,
illegal-housing-projects-on-flood-flow-zones,,Modhumoti-Judgement-256_of_2009.pdf,,,Modhumoti Judgement,
playuela-christopher-colombus-landing-resort,,04.3_AGENCIAS_Endosos.pdf,,,Endorsements ,Endorsements that are being use for the construction of the hotel
porgera-joint-venture-pjv-gold-mine-in-papua-new-guinea,,Akali_Tange_2016_Letter_announcing_march_managing_director_-_greg_walker_0.pdf,,,"[6] Akali Tange Association (ATA) Inc. Letter to Barrick PJV from June 17th, 2016.",
iron-mining-in-the-penokee-hills,,PenokeeHeritage_small.pdf,,,Penokee Mountains Heritage Park map,
coal-power-plant-sostanj-tes-6-slovenia,,Social-cost-of-energy-from-TES_english-final-report.pdf,,,,
statoil-ignores-native-entitlement-opinion-on-deep-sea-oil-drilling,,2015_Block_Offer_Submission_AKT_8feb15.pdf,,,(2) Block offer submission,
wastepickers-mobilization-against-the-carbonization-of-solid-waste-rondonia-brazil,,demonstration_2018_-_Tribunal_Popular__Rogério_Aderbal,,,Wastepicker movement demonstrating in 2018,"(Rogério Aderbal, Tribuna Popular)"
buon-kuop-hydroelectric-project-vietnam,,ATTACHMENT_srepok_community_statement_jan_12_2007_english.pdf,,,[5] Community Statement over Hydropower Dam Construction on the Srepok River Vietnam (12/01/2007),
buon-kuop-hydroelectric-project-vietnam,,ATTACHEMENT_Mekong_Utility_watch.pdf,,,[8] Mekong Utility Watch (2007) on the Buon Kuop Project (accessed 08/07/2015),Source: http://www.banktrack.org/manage/ems_files/download/utility_performance_electricity_of_vietnam_buon_kuop_hydropower_project/070401_utility_performance_buon_kuop.pdf
conservation-of-natural-sal-forest-and-settle-the-rights-of-indigenous-garo-and-kouch-community-bangladesh,,Sal_Forest_Order_WP_1834_of_2010.pdf,,,Judgment,"Judgment of Sal Forest, Modhupur, Tangail"
conservation-of-natural-sal-forest-and-settle-the-rights-of-indigenous-garo-and-kouch-community-bangladesh,,Paper_Clipping_Death.pdf,,,,
omai-gold-mine-tailings-dam-guyana,,Failure_of_the_Omai_Tailings_Dam.pdf,,,"“Failure of the Omai Tailings Dam”, by Steven G. Vick ",
hartford-trash-to-energy-incinerator-usa,,AR-171209925.jpg_MaxW_400_MaxH_400,,,An image of the MIRA Incinerator in it's entirety,https://www.google.com/url?sa=i&source=images&cd=&cad=rja&uact=8&ved=2ahUKEwjF94mB2ZbgAhWQON8KHcJ-BvsQjRx6BAgBEAU&url=http%3A%2F%2Fwww.hartfordbusiness.com%2Farticle%2F20171207%2FNEWS01%2F171209925%2Fhartford-councilors-demand-better-deal-from-waste-plant&psig=AOvVaw1WeCuJhp8uvyd7HZNkfk0e&ust=1548978570994067
illegal-waste-dump-in-the-middle-of-a-roma-community-local-roma-activists-advocate-for-environmental-justice-slovakia,,zmluva_748.pdf,,,Contract between Markusovce Municipal Office and Environmental Fund,"Grant of EUR 94,629,- from Environmental Fund to Markusovce Municipal Office as a support to project ""Markusovce without Waste"", aimed at clearing the waste in local Roma settlement"
illegal-waste-dump-in-the-middle-of-a-roma-community-local-roma-activists-advocate-for-environmental-justice-slovakia,,zmluva_730.pdf,,,Contract between Markusovce Municipal Office and Insomnium s.r.o.,"Contract between Markusovce Municipal Office and Insomnium Ltd. - provision of clearing the illegal waste in local Roma settlement at price of EUR 99,580,-"
uma-oya-river-diversion-and-mahaweli-hydroplant,,landgrabbinginSri_LankaEnglish.pdf,,,"Uprooting people from the land. Land grabbing, current status and trends in Sri Lanka. Sri Lanka Nature Group, People’s Alliance for Right to Land - PARL. June 2012",
los-chocoyos,,doc._Sipacapa.pdf,,,Licencia otorgada para exploración Los Chocoyos (2012),
matola-gas-company-cdm-project-mozambique,,clean_energy_for_mz.pdf,,,"A Renewable Anergy Plan for Mozambique, by Mark Hankins",
thousands-of-trees-felled-in-city-of-sheffield-uk,,image__1_.webp,,,Living Memorial Trees are due to be felled,"In WW1 centenary remembrance events,  a young man dressed as a soldier ""guards"" one of the trees planted in memory of a local resident."
sacabamba-waste-treatment-plant,,Apoyo1_-.docx,,,Apoyo de varias comunidades a la lucha contra el proyecto en Sacabamba,
sacabamba-waste-treatment-plant,,WhatsApp_Video_2023-02-22_at_10.03.26.mp4,,,Video producido por los protestantes para sensibilizar el público a la cuestión del proyecto en Sacabamba.,
montara-oil-sp,,Geoscience_exploration_sites_2007.pdf,,,Map showing the Montara fields ,The Montara fields consists of areas marked AC/P34; AC/P32 and AC/RL3.  Blown up field is within area marked AC/RL3
tehri-dam-and-hydropower-plant,,Towards_Failure_and_Devastation-Eng..doc,,,Towards Failure and Devastation,Matu Jan Sangathan explains the saga of the project and the reason of people's opposition
shoal-lake-40-boil-water-advisory,,shoal-lake_honour_our_agreements.jpg,,,"Shoal Lake, Honour our Agreements",
upper-paunglaung-dam-shan-state-myanmar,,http__com.fMyanmar-_buit_and_planned_dams.FT,,,"FT, Michael Peel, 21 March 2014",
metallic-mining-moratorium-in-romblon-philippines,,sherryl_fetalvero.jfif,,,Sherryl Fetalvero,Photo: Manila Times
proyecto-de-tendido-electrico-en-el-parque-nacional-canaima-venezuela,,Resumen_EJECUTIVO_Espanol.pdf,,,"Rodríguez Iokiñe (2002). El Rol Transformador de los Conflictos: Mas Allá del Manejo de Conflictos en Parques Nacionales. Resumen Ejecutivo de Tesis Doctoral. Instituto para Estudios del Desarrollo (IDS) Universidad de Sussex, Inglaterra. Septiembre 2002.","Esta tesis es una crítica al paradigma de la participación como una ruta para resolver conflictos en parques nacionales. Plantea que los enfoques utilizados comúnmente para resolver conflictos en áreas protegidas no han sido efectivos por que no atacan las raíces profundas de los conflictos y porque no dan cuenta de la naturaleza compleja, dinámica y diversa de los mismos. Se sugiere aquí dejar a un lado enfoques instrumentales de participación tales como los comités de co-manejo, los consejos consultivos, y los proyectos integrados de desarrollo y conservación (ICDPs), que tienden a limitar el rol transformador de los conflictos, y poner en práctica procesos colaborativos que permitan dar respuesta directa a los temas reales en disputa."
proyecto-de-tendido-electrico-en-el-parque-nacional-canaima-venezuela,,cenp_spa.pdf,,,Perfil de Área Protegida – Venezuela Parque Nacional Canaima (Sector Oriental) (2004).,"El Sector Oriental del Parque Nacional Canaima o la Gran Sabana se encuentra localizado en la Región de Guayana al sureste de Venezuela. El paisaje del parque está dominado por las sabanas abiertas y destacan los macizos montañosos denominados localmente tepuyes. Está localizado sobre el Escudo de Guayana, uno de los núcleos terrestres más antiguos del planeta y abarca la cuenca alta del Río Caroní, que tiene un gran potencial hidroeléctrico que ha sido aprovechado aguas abajo"
proyecto-de-tendido-electrico-en-el-parque-nacional-canaima-venezuela,,2341-7555-1-SM.pdf,,,Colón Esperanza y Negrín Ángel. El Manejo Ambiental del Tendido Electrónico con Brasil. ,"El proyecto de transmisión de energía eléctrica atraviesa una gran diversidad de ambientes de fragilidad e importancia ecológica. Las variables ambientales han de terminado en gran medida aspectos fundamentales del proyecto, lo cual ha tenido influencia sobre su costo y tiempo de ejecución todo ello en función del cumplimiento de las exigencias  de índole técnico-ambientales exigidas por el extinto ministerio del ambiente y de los recursos naturales  (MARNR) así como aquellas desarrolladas por CVG-EDELCA para la conservación de la cuenca como parte de su política ambiental."
proyecto-de-tendido-electrico-en-el-parque-nacional-canaima-venezuela,,DocSostenibilidadAmbientalADeLisio.pdf,,,"De Lisio, Antonio (2011). La Sostenibilidad Ambiental de la Política de Desarrollo en Venezuela. ILDIS. Instituto Latinoamericano de Investigaciones sociales. Caracas Venezuela.","Desde la Cumbre de la Tierra de Río de Janeiro realizada en 1992, el desarrollo sostenible o sustentable ha tratado de definir las opciones para lograr formas y estilos de vida del ser humano más compatibles con las posibilidades y limitaciones de la naturaleza y así evita comprometer la existencia de generaciones futuras. A lo largo de estas dos décadas han sido numerosos los aportes teóricos y prácticos desarrollados para concretar estas opciones. Uno de estos ha sido la noción de huella ecológica mediante la cual se ha tratado de precisar la capacidad de carga territorial necesaria para sustentar la población humana."
proyecto-de-tendido-electrico-en-el-parque-nacional-canaima-venezuela,,El_Movimiento_ambientalista_y_la_constit.pdf,,,"García-Guadilla María Pilar (2001). El movimiento ambientalista y la constitucionalización de nuevas racionalidades: Dilemas y Desafíos. Rev. Venez. de Eco. y Ciencias Sociales, 2001, vol. 7, nº 1 (ene.-abr.), pp. 113-132","En los últimos 40 años en América Latina han surgido y se han consolidado los nuevos movimientos sociales; como consecuencia, en la década de los 90, se han institucionalizado en algunos países de la Región nuevas identidades, concepciones de ciudadanía y proyectos de sociedad cuyos portadores han sido estos movimientos (Cohen, 1985; Evers, 1985; Mainwaring y Viola, 1984). Además de presionar al Estado para que incorporara en la agenda pública sus demandas estratégicas, han intentado construir espacios políticos para transformar el modelo de desarrollo económico y político"
proyecto-de-tendido-electrico-en-el-parque-nacional-canaima-venezuela,,guri-altatensao-venez-br.pdf,,,"Repetto Maxim (2001) Derechos Indígenas y Grandes proyectos de Desarrollo: Guri, la línea de transmisión eléctrica Venezuela-Brasil. ","La presión de este tipo de proyecto fomentó una mayor articulación no solo regional de las comunidades indígenas, sino también en los niveles nacionales e internacionales. Especialmente sobre el tema de mineración (donde la energía eléctrica sin duda tendrá un impacto) proponen, a corto plazo: la inmediata demarcación de las tierras indígenas; revisar las leyes que permiten la mineración, cuidando de los impactos sobre los derechos indígenas y la biodiversidad; la promoción de acciones conjuntas de los países para defender los derechos indígenas"
illegal-sand-mining-in-tamil-nadu,,GEAS_Mar2014_Sand_Mining.pdf,,," [13] Report on the effects of Sand Mining by UNEP, March 2014",
monks-and-local-residents-of-kumbum-filed-a-petition-for-environmental-safety-tibet,,ICT_Bericht_29072011.pdf,,,"[2]International Campaign for Tibet, Bold online appeals address persistent lead poisoning in Qinghai water supply International Campaign for Tibet,  July, 29 2011",
cafo-pollution-in-lenawee-county-michigan-usa,,lynn_henning.jfif,,,Lynn Henning,Photo: Goldman Prize
kheshobpur-bricks,,Keshobpur_Bricks-WP_4793_of_2018__9_April_2018_.pdf,,,Judgement of Keshobpur Bricks,
kheshobpur-bricks,,General_Dairy-D.pdf,,,General Dairy,
kheshobpur-bricks,,Annexure-B_and_B-1.pdf,,,Letter,
formosa-toxic-waste-spill-and-plastic-pollution-in-lavaca-bay-texas-united-states,,Wilson_boat.jfif,,,Wilson and her boat,Photo credit: Courthouse News
ramlet-el-bayda-lebanon,,20160628082011_001.pdf,,,Map showing plot 2230 before partition,
southwood-timber-corporations-logging-activities-on-ancestral-lands-misamis-oriental-philippines,,IFMA_03-2010_.pdf,,,"List of IFMA concessions, as of March 2010",Source: DENR
east-st-louis-and-an-abundance-of-chemical-plants-and-waste-incinerators,,Hermans_invitation_for_community_meeting.pdf,,,"[4] Masters Thesis by Evelien Hermans: To explore the processes of the U.S. and the Netherlands, in which environmental justice  issues are created and addressed",Focus case study of East St Louis.  Written in January 2004
nile-trading-and-development-kinyeti-mysterious-land-deals-in-mukaya-payam-central-equatoria-state-south-sudan,,Lanya_County_Land_Grab--Lease.pdf,,,,
navidad-mining-project-of-pan-american-silver-chubut-argentina,,Navidad_1,,,Banderas de protesta en proyecto navidad,Fuente: https://www.tiemposur.com.ar/nota/164501-esperando-por-navidad-pan-american-silver-invierte-en-guatemala-
protests-against-chevron-in-poland,,Moral_panic_related_to_mineral_development_projects___Examples.pdf,,,"Jarosław Badera and Paweł Kocoń, Moral panic related to mineral development projects – Examples from Poland, April 2, 2015 ",
greenpeace-in-new-zealand,,Greenpeace_1.htm,,,,"Theguardian,New Zealand Greenpeace protesters scale parliament roof,25 June 2015
http://www.theguardian.com/world/2015/jun/25/new-zealand-greenpeace-protesters-scale-parliament-roof"
barnawapara-wls,,Petition_NCST_BarnawaparaWS.docx,,,"Petition to National Commission of Scheduled Tribes (NCST), January 2018","Petition written by Dalit Adivasi Manch and Chattisgarh Bachao Andolan against the atrocities in Barnawapara Wildlife Sanctuary,"
lead-smelting-factory-mombassa-kenya,,Metal_Refinery_Lawsuit-2.pdf,,,Metal Refinery Lawsuit (2016),
trans-sibirskaya-hpp-russia,,Amur-Heilong_Shilka_Dam_Development_Case_Study-FIN032015.pdf,,,Amur-Heilong Shilka Dam Development Case Study,"""Amur-Heilong Shilka Dam Development Case Study"" by 	Eugene Simonov, Rivers without Borders"
exploracion-petrolera-en-el-bosque-de-galilea-tolima-colombia,,Contratos_Alinderaciones_E_P_VILLARRICA_NORTE_EXPLORACION_Y_EXPLOTACION_060905.pdf,,,[18] Contrato Villarrica Norte,Contrato del Bloque Villarrica Norte de la Agencia Nacional de Hidrocarburos (ANH)
exploracion-petrolera-en-el-bosque-de-galilea-tolima-colombia,,Resolucion_0833_05JUN2018_Cesion_Licencia_Ambiental.pdf,,,[19] Resolucion 0833 05JUN2018 Cesion Licencia Ambiental,Resolución ANLA 0833 del 5 de junio de 2018 que autoriza cesión de Licencia Ambiental a Petrobras de Valores Internacional de España S.L. Sucursal Colombia
blm-versus-wild-horses,,CostsAndConsequences_01-2015.pdf,,,Cost and consequences - the real price of livestock grazing on America's public lands,"Report of the economic costs and consequences of livestock grazing, prepared for the Center for Biological Diversity. By Christine Glaser, Chuck Romaniello and Karyn Moskowitz."
gold-minining-rdc,,ruee_vers_lor_de_shabunda.tiff,,,"""Drague à chaîne à godets de l’entreprise Kunhou Mining Group opérationnel sur la rivière Ulindi""","Source. Rapport de COSOC-GL, Juillet 2015"
gold-minining-rdc,,town.tiff,,,Shabunda town,Source. Global Witness Report. July 2016
waste-pickers-protest-for-access-to-msunduzi-new-england-road-landfill-and-construction-of-a-materials-recovery-facility,,10112015_Waste_pickers_memorandum.pdf,,,Memorandum from the Waste Pickers at the Msunduzi New England Road Landfill,"November 10th, 2015 Memorandum from the Waste Pickers at the Msunduzi New England Road Landfill stating their grievances and demands to the Msunduzi Local Municipality"
triangulo-del-feldespato-y-mineria-a-cielo-abierto-en-avila-spain,,Presentacion_Plataforma_No_a_la_Mina_Sierra_Yemas_Gemuño.pdf,,,Material utilizado en las charlas informativas,Presentación utilizada en las charlas informativas a la población local afectada por los expedientes mineros en Valle del Corneja y Sierra de Yemas
resistance-to-fracking-in-chihuahua-mexico,,Mapa-M_xico_fracking_.png,,,Map of fracking potential in Mexico,from Alianza Mexican Contra el Fracking
laiban-dam-new-centennial-water-source-project-ncws-quezon-philippines,,laiban-02-chronology.pdf,,,"[1] Philippince Center for Investigative Journalism - Laiban Dam Project, Chronology of Events (accessed 02/06/2015)",Source: http://pcij.org/resources/laiban-02-chronology.pdf
serngul-lo-lhara-village-markham-county-tibet,,monta_a_sagra2.html,,,,"[1]Asianews.it, Hundreds of Tibetans ready to die to defend ‘sacred mountain’ from destruction, 05/26/2009
http://www.asianews.it/news-en/Hundreds-of-Tibetans-ready-to-die-to-defend-%E2%80%98sacred-mountain%E2%80%99-from-destruction-15353.html"
water-privatization-conflict-in-stockton-ca,,The_Price_of_Privatization_Food_and_Water_Watch.pdf,,,"[6] The Price of Privatization: Stockton, CA Fact Sheet",Published by Food and Water Watch
comunidad-indigena-de-santo-tomas-vs-agricola-superior-de-jacona-michoacan-mexico,,0.pictClipping,,,Bloqueo comunal.,"Bloqueo realizado a la empresa Agrícola Superior de Jacona el 4 de noviembre del 2018 con la finalidad de conseguir que el agroempresario, Héctor Valdés Aguirre, quien se había ostentado como dueño de la empresa, aceptara dialogar con la comunidad y llegar a acuerdos. No lo hizo el 4, ni el 5, lo hizo hasta el 6 de noviembre."
marange-diamond-mines-pollute-rivers-zimbabwe,,River_Pollution_in_the_City.pdf,,,Report on the Scientific Investigation of the Impact Of Marange Diamond Mining Operations on Water Quality in The Save And Odzi Rivers ,
jispa,,EAC_meetings_Decisions_All_India_Apr_2007_to_Dec_2012.pdf,,,[5] [6] SANDRP's Project wise details of Stage 1 and 2 Environment Clearance status ,A compilation of minutes of the Expert Appraisal Committee on River Valley Project between April 2007- December 2012
water-contamination-from-chemical-companies,,wobleuk2.pdf,,,WOBURN CHILDHOOD LEUKEMIA FOLLOW-UP STUDY - July 1997,
water-contamination-from-chemical-companies,,Parker_and_Rosen_-_Woburn-cancer-hazard_study_1981.pdf,,,Cancer Incidence and Environmental Hazards 1969 – 1978,"The Massachusetts Department of Public Health (MDPH), with assistance from the U.S. Center for Disease Control (CDC), has completed an investigation of possible associations between the incidence of certain cancers and environmental hazards in Woburn for the period 1969 – 1978."
companhia-brasileira-de-aluminio-cba,,ptdrs_territorio078.pdf,,, Territorial Plan of Sustainable Rural Development,Territorial Plan of Sustainable Rural Development June 2004
companhia-brasileira-de-aluminio-cba,,pesb_encarte_1_-_diagnstico_do_parque.pdf,,,Park management plan,Serra do Brigadeiro park management plan dated from October 2007
companhia-brasileira-de-aluminio-cba,,franklin_daniel_rothman_1_.pdf,,,A Comissão dos Atingidos pela Mineração e a Luta de Resistência à Expansão da Mineração de Bauxita (e a Favor da Agricultura Familiar) na Zona da Mata de Minas Gerais,This academic paper (framed in social movement theory) describes the Commission of people affected by mining activities (bauxite extraction) in Minas Gerais.
nakthan,,11th_November_2013.docx,,,Objections to extension of TOR for the 520 MW Nakthan Hydropower Project,"A memorandum submitted by Gaon Vikas Samiti, Jan Jangran evam Vikas Samiti and Himdhara Environment Collective to the Expert Appraisal Committee on River Valley Projects . MoEFCC against the granting of extension on TOR to 520 MW Nakthan hydroelectricity project."
west-roxbury-lateral-pipeline-and-metering-and-regulating-station,,EJAtlasImage3.pdf,,,Letter from Mayor Walsh,http://d279m997dpfwgl.cloudfront.net/wp/2016/12/SPECTRA-WALSH-LETTER.pdf
inupiat-people-resist-offshore-oil-drilling-and-gas-development-plans-in-point-hope-alaska-usa,,caroline_cannon.jfif,,,Caroline Cannon,Photo: Goldman Prize
ida-mountain-kazdagi-prospecting-for-gold-turkey,,ilgar_rustu.pdf,,,"“IS THE SURFACE OF IDA MOUNTAIN MORE PRECIOUS THAN GOLD MINE, by Dr. Rütü ILGAR",
lhaka-honhat-our-land-association-v-argentina,,Francisco_Perez_Palito.mp4,,,Francisco Perez Interview,"An interview conducted with Francisco Perez by Nadine Schuller, 2017"
uranium-project,,RIMA.pdf,,,RIMA - RELATÓRIO DE IMPACTO AMBIENTAL PROJETO SANTA QUITÉRIA - CE FEVEREIRO/ 2014,Environmental impact report produced by Santa Quitéria Consortium (Feb./2014) and submitted to IBAMA.
uranium-project,,Carta-ao-IBAMA-30-07-2017-português.pdf,,,"CAMPANHA CEARÁ ANTINUCLEAR: EM DEFESA DA VIDA, DA ÁGUA E POR JUSTIÇA AMBIENTAL","Open letter produced by the Anti-nuclear Ceará campaign in defense of life, water and towards environmental justice. It was sent to IBAMA claiming to overrule the project's environmental license process."
oil-contamination-in-south-sudan,,Oil_s_poisoning_of_water__lives_and_politics_in_South_Sudan.pdf,,,,
mahuva-movement-against-proposed-nirma-cement-plant-india,,mahuva-report.pdf,,, AN ACCOUNT OF FACT FINDING COMMITTEE OF THE PROPOSED MAHUVA CEMENT PLANT ,
sta-cruz-zambales-nickel-mining-impacts-sustainable-agriculture-and-fisheries,,Submission_to_UNSR_on_right_to_food_Zambales_nickel_mining_impacts_sustainable_agriculture_and_fisheries.pdf,,,Submission to the UN Special Rapporteur on the right to food ,Zambales nickel mining impacts sustainable agriculture and fisheries
silica-sand-mining,,Salica_Sand_Moulvibazar_WP_2948_of_2016__3_July_2018_.pdf,,,Salica Sand Moulvibazar WP 2948 of 2016 (3 July 2018),
casas-geo-en-el-cerro-de-la-tortuga,,Respeto_al_pueblo_de_Tetelpa,,,Respeto al pueblo de Tetelpa,
anti-coal-movement-ghana,,2x350MW_Ghana_Supercritical_Coal_Fired_Power_Plant_-_Scoping_Report.pdf,,,[5] ENVIRONMENTAL & SOCIAL IMPACT ASSESSMENT: SCOPING REPORT,"Report prepared by Volta River Authority and Shenzhen Energy, December 1, 2015"
anti-coal-movement-ghana,,Volta-River-Authority-report__1_.pdf,,,[11]Volta-River-Authority-report,"350. org. (2016, October). Volta-River-Authority-report. Retrieved March 26, 2022, from http://world.350.org/africa/files/2016/10/Volta-River-Authority-report.pdf"
ube-nishiokinoyama-coal-fired-power-plant,,news210416_1e.pdf,,,"Yamaguchi-Ube Power Generation Co., Ltd. Cancels",cancelation letter
ube-nishiokinoyama-coal-fired-power-plant,,190424_1.pdf,,,"Yamaguchi-Ube Power Generation Co., Ltd. Cancels",Osaka Gas letter
greenland-mineral-ltds-kuannersuit-kvanefjeld-rare-earth-uranium-project-greenland,,GML_complaint_2019-04-04.pdf,,,GML complaint regarding the EIA process ,The director of Greenland Minerals Ltd. sends a complaint letter regarding the EIA process of the Kuannersuit project to the EAMRA at Naalakkersuisut in April 2019.
chemical-hazard-conflict-over-the-metales-plant-at-otay-mesa-industrial-park-tijuana-mexico,,EJAtlas_Tijuana.pdf,,,[5] Full Cleanup Chronology of the Metales y Derivados,"ENS-Newswire
Lead Waste Capped at Abandoned Smelter on U.S.-Mexico Border"
gold-mining-in-county-tyrone-ireland,,10-concerns-about-dalradian-gold-mine-75430.pdf,,,"Ten fundamental concerns raised by FoE NI in relation to the processing of the planning application for a Gold mine near Gortin, Co Tyrone",Document released pointing at a number of environmental issues that could undermine the permission approval
gold-mining-in-county-tyrone-ireland,,10-concerns-about-dalradian-gold-mine-75430.pdf,,,"Ten fundamental concerns raised by FoE NI in relation to the processing of the planning application for a Gold mine near Gortin, Co Tyrone",Document raising environmental issues against permission to go ahead with the mine
ventanas-industrial-complex-chile,,chile1.jp2,,,Industrial Complex ,Source: La Tercera
luangwa-community-forests-project-lcfp-redd,,WBCSD_-_An_NCS_Lighthouse_-_Luangwa_Community_Forests_Project.pdf,,,[12] A Natural Climate Solutions Alliance Lighthouse - Luangwa Community Forest Project,Promotion of LCFP
luangwa-community-forests-project-lcfp-redd,,BCP_-_2022_Impact_Report_BCP.pdf,,,Luangwa Valley. BCP Impact Report.,Source: https://www.nul.to/projects/restoring-luangwa-community-forests
threat-to-aarey-forest-due-to-the-construction-of-mumbai-metro-3-car-shed,,WP_to_challenge_Aarey_DP_change-_final_-_scan_05.10.pdf,,,PIL ,This PIL was filed by Amrita Bhatacharjee and Biju Augustine challenging the removal of Aarey from No development Zone in the new Dp34. This case is now in the Supreme Court.
defensa-de-los-espacios-comunes-y-del-parque-publico-en-la-colonia-reforma-social,,14.ANTECEDENTES_DEL_PARQUE_REFORMA_SOCIAL.pdf,,,ANTECEDENTES DEL PARQUE REFORMA SOCIAL,https://salvandoelparquerf.wordpress.com/
myaing-galay-cement-plant-karen-state-myanmar,,Penal_Code-articles.pdf,,,Myanmar: The Penal Codes,Articles that have been used in political cases. Also used in criminalizing Environmental Activists
atlantic-coast-pipeline,,1244_001.pdf,,,"Letter from Haliwa-Saponi Indian Tribe to Federal Energy Regulatory Commission, May 2018",
atlantic-coast-pipeline,,AdvisoryPanelReport_v5.pdf,,,"Report from Lumbee citizens to Lumbee tribal council on need for culturally-relevant impact assessment, November 2017",
eviction-from-manas-national-park,,7B_-_India_-_Manas_20161201_public__2_.pdf,,,[3] State of Conservation Report of Manas Wildlife Sanctuary (India) (N338),Official Government Report
thermoelectric-complex-parnaiba,,Benedita_de_Cassia.pdf,,,"BRIGA COM PODEROSOS – resistência camponesa face à expropriação por grandes projetos em Santo Antonio dos Lopes, MA",Thesis
windmills-in-the-koyna-sanctuary,,Koyna_sanctuary.docx,,,http://www.tehelka.com/2011/09/koyna-was-to-be-a-sanctuary-so-why-the-windmills/,
pilon-lajas-bolivia,,_621018901__trabajo.pdf,,,Trabajo sobre proyectos petroleros en Bolivia,FOBOMADE - 2014
arco-poniente,,Abraham_Cordero__preso_político.pdf,,,"Abraham Cordero, preso político",
arco-poniente,,Pobladores_de_la_zona_se_niegan_al_Libramiento_Poniente.pdf,,,Pobladores de la zona se niegan al Libramiento Poniente,
arco-poniente,,Frente_Amplio_Social_en_Defensa_de_los_Recursos_Naturales.pdf,,,Frente Amplio Social en Defensa de los Recursos Naturales,
con-dau-village-evictions-for-an-eco-resort-vietnam,,FIDH_2014_INT_CESCR_CSS_VNM_18336_E-1.docx,,,"[8] FIDH 2014. Alternative Report on the Implementation of the UN International Covenant on Economic, Social and Cultural Rights for consideration of the Combined Second to Fourth Reports of the Socialist Republic of Vietnam",
con-dau-village-evictions-for-an-eco-resort-vietnam,,con-dau-parish-report-to-the-un-special-rapporteur-on-freedom-of-religion.pdf,,,[1] Con Dau Parish report for download,Source: http://dvov.org/wp-content/uploads/2014/07/con-dau-parish-report-to-the-un-special-rapporteur-on-freedom-of-religion.pdf
casa-pueblo,,Bosque_del_Pueblo-Como_la_lucha_antiminera_cambio_la_politica_forestal_desde_la_base_comunitaria.pdf,,,Bosque del Pueblo,
ohrid-prespa-urbanization-drive,,Citrus_SEA.pdf,,,"Public Institution National Park Galicica, Draft Amendments to the Management Plan for National Park Galichica for the Period 2011-2020, Strategic Environmental Assessment ","SEA for the ski-resort, road and lakeshore tourism development zones by Citrus Partners LLP"
ohrid-prespa-urbanization-drive,,Mepso_Report.pdf,,,Business Masterplan for Development and Construction of a Ski Center in the Galichica National Park,"Horwath Hotel, Leisure and Tourism outline a ski-resort vision on behalf of Macedonian state-owned electricity company Mepso"
ohrid-prespa-urbanization-drive,,Scientist-Comments-for-the-Protection-of-Ohrid-Prespa.pdf,,,Scientist Comments for the Protection of Ohrid-Prespa,Collected short quotations from scientists and experts on the need to protect Lake Ohrid and the surrounding region
ohrid-prespa-urbanization-drive,,June_2016_WSP_Dan.pdf,,,Studenchishte Marsh as an Integral Part of Ancient Lake Ohrid: Current Status and Need for Protection (Apostolova et al),"Journal paper in Wetland Science and Practice Vol. 33, No. 2 June 2016 on the importance of and danger to Lake Ohrid's Studenchishte Marsh wetland"
kashang-hydroelectricity-project,,submission-on-cdm.pdf,,,"[2] Objections to the CDM application for Integrated Kashang Project,  Kinnaur, Himachal Pradesh",Submitted to UNFCC by local environment groups
kashang-hydroelectricity-project,,70-2012OA_23Nov2012.pdf,,,"[3] Green Tribunal's Interim order on Integrated Kashang dated 23rd November, 2012",HPPCL directed by the Tribunal to not divert forest land for non forest purposes
instalacion-de-una-embotelladora-de-agua-mineral-en-el-valle-del-corneja,,Manifiesto_en_Defensa_del_Agua_y_la_Vida_en_el_Rio_Corneja.pdf,,,[15] Manifiesto en Defensa del Agua y la Vida del Rio Corneja ,Manifiesto leído en la manifestación celebrada en Villafranca de la Sierra el 12 de octubre de 2013
cerro-paramo-de-miraflores-colombia,,Paramo_miraflores.pdf,,,"Atlas de páramos de Colombia, Complejo Miraflores ",
ganaderia-y-siembra-de-arroz-amenazan-la-laguna-matusagarati-darien-panama,,Comunicado_de_las_Comunidades_Versi_n_Organizaciones.pdf,,,Comunicado de Organización por la protección de los Humedades,Fuente: Wetlands International
el-quimbo-hydroelectric-project-colombia,,manifesto_colombia_19ott13.pdf,,,"Articulo en el Manifiesto, Italia",Delegaciones desde Italia visitaron el proyecto para denunciar los proyectos financiados por la empresa publica ENEL
boral-basin-development-project,,Map_of_Boral_River.pdf,,,Map of Boral River,
boral-basin-development-project,,WP_1567_of_2014_Boral_Order.pdf,,,WP 1567 of 2014-Order Boral River,
ashaninka-community-against-tawaya-cosmeticos,,S_2007_2117-3.pdf,,,,"Denunciation - Federal Public Ministry (PDF, 2007)"
ashaninka-community-against-tawaya-cosmeticos,,S_2007_2117-3.pdf,,,,"Denunciation (PDF, 2007)"
contamination-in-el-salto-mexico,,marco_legal.pdf,,,Marco global de referencia para la accion jurdica en la defensa del medio ambiente. Los derechos humanos contra las represas y otros proyectos neoliberales. CIEPAC. 2005 ,
woodlark-gold-mine,,mining_mb_april_2015.pdf,,,ALOTAU ENVIRONMENT - Mining in Milne Bay,
canakkale-cirpilar-coal-plant-and-coalmining-project,,Canakkale_Yenice_Cirpilar.mp4,,,"Call from Hüseyin Soylu, a villager from Yenice","Hüseyin Soylu, former village head started the mobilization with his daughter against the coal project. He calls for action in this video."
forced-aquaculture-destroying-local-livelihood,,WP_57_of_2010__Saline_Water_Shrimp_Cultivation_.pdf,,,Judgement of Shrimp cultivation,
forced-aquaculture-destroying-local-livelihood,,list_of_paper_on_commercial_shrimp.pdf,,,List of Shrimp Publication,
land-conflicts-in-indigenous-territories-in-southern-costa-rica,,Informe_de_la_Sétima_Misión_del_Observatorio_de_Derechos_Humanos_y_Autonomía_Indígena___ODHAIN.pdf,,,INFORME SÉTIMA MISIÓN 08 DE JULIO 2014 OBSERVATORIO DE DERECHOS HUMANOS Y AUTONOMIA INDIGENA (ODHAIN),
portezuelo-del-viento,,Comunicado_de_AMPAP_Audiencia_Pública_Portezuelo_del_Viento.pdf,,,[4] Comunicado de Asambleas Mendocinas Por el Agua Pura,Asambleas Mendocinas Por el Agua Pura exigen suspensión de la Audiencia Pública Virtual
2014-hazelwood-open-cut-coal-mine-fire,,Hazelwood_Pic-ABC_Graphics.pdf,,,Source: ABC (Australian Broadcasting Commission) Graphics,"The fire at the Hazelwood Fire Station (2014), which took 45 days to put out, smouldering."
ban-of-rat-hole-mining-in-jaintia-hills-meghalaya,,SSRN-id2608155.pdf,,,"Chauhan, Krishna & kharumnuid, iasuklang & sarma, sankar. (2014). ‘RAT-HOLE’ MINING AND THE ‘NGT’ BAN: AN ANALYSIS OF SOCIO, ECONOMIC AND POLITICAL IMPACT OF MINING INDUSTRY IN MEGHALAYA, INDIA.",
adb-embankment-subproject-in-the-brahmaputra-river-of-kaziranga-assam,,kaziranga_Sub_Project_Submission_by_Affected_Communities.pdf,,,[2] Kaziranga Subproject submission from affected communities ,A submission letter to the authorities responsible for the Embankment project from the local communities of Kaziranga explaining their concerns and their demands. Attachment of all the 5 memoranda submitted to the authorities.
sadr-city-radioactive-waste-iraq,,in-a-state-of-uncertainty.pdf,,,[4] - IN A STATE OF UNCERTAINTY - Impact and implications of the use of depleted uranium in Iraq (2013),"The use of depleted uranium (DU) in conventional munitions has generated controversy for more than 30 years. Research
increasingly supports the idea that there may be a link between its use and reports of increasing health problems in
those countries where it has been deployed. Of these, Iraq is by far the most affected country, with large quantities of DU
munitions used in 1991 and 2003. However, uncertainties over its impact and implications remain. This report is one
of the first to attempt to provide a comprehensive overview of the use of DU in Iraq by US and UK armed forces, and the
subsequent actions, or lack thereof, that have been undertaken to address the issue of DU contamination and resulting
exposure to civilians. Furthermore, it will provide an overview of reported health problems that might be related to exposure
to DU, and other toxic remnants of war, and will provide recommendations for next steps to be undertaken in order
to minimise the risks to the civilian population."
gasdotto-rete-adriatica-brindisi-minerbio-e-centrale-di-compressione-di-sulmona,,carovana-no-hub-del-gas-2018.jpg,,,,
national-grid-pipeline-in-north-brooklyn,,NoNBK-Strike-YellowSigns.pdf,,,,"Gas bill strike information
source from: https://www.nonbkpipeline.org/materials"
remunicipalisation-and-anti-privatization-movement-in-barcelona1,,Argumentari__rev2020_.pdf,,,"Protest sign, Enginyeria sense Fronteres",Presentació del recurs de reposició a l’Ajuntament de Barcelona. Pel dret a la participació! - https://www.aiguaesvida.org/comunicat-presentacio-del-recurs-de-reposicio-a-lajuntament-de-barcelona-pel-dret-a-la-participacio/
marcopper-placer-dome-mining-disaster-marinduque-island-philippines,,ATM_Marinduque_Mining_Tenement_Map_as_of_Sept_2014.pptx,,,[8] Marinduque Mining Tenement Map,
marcopper-placer-dome-mining-disaster-marinduque-island-philippines,,historicaloverviewofandupdatesonmininginread-onlycompatibilitymode-111205101131-phpapp01.pdf,,,[3] Historical Overview of and Updates on Mining in Marinduqe and its Impacts. Marinduque Council of Environmental Concerns (MACEC). 2005 (accessed 20/04/2015),Source: http://es.slideshare.net/no2mininginpalawan/historical-overview-of-and-updates-on-mining-in-marinduque
oil-leak-in-mauritus-islands-is-threatenind-nature-and-local-peoples-health,,Dutch_sailors_in_Mauritius_1600.docx,,,"Kllling birds, including Dodos","Souce: The painting on Dr. Tatayah’s wall, based on a woodcut from 1602 and colored by Julian Pender-Hume. VIKASH TATAYAH."
lucha-binacional-contra-la-cadena-de-proyectos-hidroelectricos-en-el-rio-usumacinta-mexico-y-guatemala,,Usumacinta_Cuna_Resistencia.pdf,,,"Pobladores La Tecnica, Guatemala, 2013","Recibimiento de la delegación mexicana en la cooperativa La Técnica Agropecuaria (Guatemala), amenazada por la hidroelécrica Yaxchilán, de camino al V Encuentro de la REDLAR en Retalteco (Guatemala) en octubre 2013 
Creditos: Yannick Deniau, 2013"
nitta-gelatin-india-ltd-ngil-india,,jananeethireportkathikudam.pdf,,,Jananeethi Report on Pollution of Nitta Gelatin India Ltd. ,
expansion-de-andina-244-chile,,Andina_244_en_13_comunas.pdf,,,"OLCA - Expansión de Codelco Andina 244: Una amenaza a los Glaciares, el Agua y la Vida del Valle del Aconcagua",
tiradero-al-cielo-abierto-bicentenario-de-la-independencia-de-mexico-a-cargo-de-la-empresa-tersa-del-golfo,,gacetasesion40.pdf,,,Documento de autorizacion,En este documento se establecen las bases para la prestación del servicio de tratamiento de la basura. El documento aborda otros temas.
tiradero-al-cielo-abierto-bicentenario-de-la-independencia-de-mexico-a-cargo-de-la-empresa-tersa-del-golfo,,28.1.00087-14__2__c.pdf,,,Acuerdo por el que se da por cerrada la denuncia sin sanciones.,Acuerdo por el cual la PROFEPA da por concluida la denuncia interpuesta en contra del tiradero por no existir daño ambiental.
philex-padcal-mining-disaster-benguet-philippines,,ATM_Art_Boquiren_On_the_Philex_Mine_Spill_of_August_2012__written_7_May_2013_.pdf,,,"[3] Arturo Boquiren, 7 May 2013: Philex Mine Spill: Not due to Typhoon Saola (Gener), it is a Test on “Responsible Mining”.",
philex-padcal-mining-disaster-benguet-philippines,,ATM_cFinal_FFM_Philex_Report_2Oct_2012FINAL_REPORT.pdf,,,"[1] The Philex Mine Tailings Spills of 2012: An Independent Fact-Finding Mission Report. September, 2012.","The Catholic Bishops Conference of the Philippines – National Secretariat for Social Action,
Justice and Peace (CBCP-NASSA) * Climate Change Congress of the Philippines (CCCP)*
Philippine Misereor Partnership Inc. (PMPI) and it Northern Luzon Cluster * Peace Foundation,
Inc. * Pambansang Kaisahan ng mga Magbubukid ng Pilipinas (PKMP) *
Katribu Indigenous Peoples' Partylist * Cordillera Peoples Alliance (CPA) * Caritas Baguio *
Community Volunteer Missioners (CVM)"
kilimanjaro-international-airport,,Maasai_Predicament_Beyond_Kilimanjaro_Airport__2014.doc,,,"[11] Navaya James Ndaskoi, Maasai Predicament Beyond Kilimanjaro Airport, PINGO’s Forum (Pastoralists Indigenous Non Governmental Organization's Forum), 12/2014",
kilimanjaro-international-airport,,Fact_Finding_Mission_Report__Pastoralists.doc,,,"[19] Navaya James Ndaskoi, Fact Finding Mission Report on the Situation of Pastoralists in Hai and Korogwe Districts, PINGO’s Forum (Pastoralists Indigenous Non Governmental Organization's Forum), 10/2016 ",
valec-brazil,,CARACT_AMBIENTAL_15-2008.pdf,,,Preliminar Environmental Impact Assessment Report,This document is a preliminary environmental report made in 2008 by VALEC.
valec-brazil,,Volume3-EstudodeAvaliacaoEconomica.pdf,,,Report on Economic Assessment,The report is a preliminary economic assessment study made by VALEC in 2008.
valec-brazil,,1044ª-23-08-16.pdf,,,VALEC executive board meeting report,The meeting aimed to discuss and decide on displacement processes in the communities around the railway construction in 2016.
valec-brazil,,normadedesapropriacao-190216.pdf,,,VALEC expropriation regulation,"The document is from 2016 and is an updated version of the previous one, dated from 2010."
valec-brazil,,eixo1_thiago_mariateresa.pdf,,,"FERROVIA DE INTEGRAÇÃO OESTE-LESTE: INTEGRAÇÃO SULAMERICANA, PADRÃO DE REPRODUÇÃO DO CAPITAL E CONFLITOS SOCIOAMBIENTAIS","The paper analyses FIOL project arguing it estimulates the consolidation of a capital reproduction pattern associated with commodities exports. This pattern tends to generate new tensions and conflicts, especially regarding rural issues."
conflicto-interprovincial-por-cuerpo-de-agua-rio-atuel,,Rio_Atuel_between_Mendoza_and_La_Pampa.docx,,,,
fracking-in-the-parana-basin-brazil,,Protest_march_in_Toledo_2__03-06-14.jpg,,,"Banners used during the Toledo protest march, 03/06/14",The banner held by the boy reads 'Shale gas - contamination is arriving in the region'.
fracking-in-the-parana-basin-brazil,,Protest_march_in_Toledo__03-06-14.jpg,,,"Protest march in Toledo, 03/06/14","0ver 3000 people marched to the headquarters of the state-owned energy company, COPEL, in Toledo. The march was organised by a local councillor."
biometano-a-latina-scalo,,RIF_DD_G04184_04_04_2017.pdf,,,"Regione Lazio, Determinazione n. G04184  del 4 aprile 2017",
biometano-a-latina-scalo,,Recall_Latina_S.r.l._Determinazione_Conclusiva_.pdf,,,"Provincia di Latina, Determinazione di conclusione positiva della conferenza dei servizi (Prot. n. 60735 del 29 dicembre 2017)",
garbage-mountain-saida,,Saida_Dumpsite_Rehabilitation_Project__En_.pdf,,,Saida Dumpsite Rehabilitation Project (En) - UNDP,
garbage-mountain-saida,,83622_SW_Saida.pdf,,,The Rehabilitation of Saida Dumpsite - UNDP,Project Factsheet
garbage-mountain-saida,,_____-_______-_________-_____-8803-2002-_________.pdf,,,Ordinance number 8803 - 04/10/2002 - Ministry of Environment,
alto-chicama-peru,,dos5-factsheetaltochicamacas.pdf,,,Report by Bothends,
delhi-mumbai-industrial-corridor,,current_Status.pdf,,,Industrial Corridor: Current Status,
delhi-mumbai-industrial-corridor,,20160422_IC_DMIC.pdf,,,DMIC: Overview,"Last updated in April, 2016"
delhi-mumbai-industrial-corridor,,DMIC_Report_I_Rishit.pdf,,,DELHI – MUMBAI INDUSTRIAL CORRIDOR ,"A Hype-Busting analysis 
5 true stories from the project that never made it to headlines.
Compiled by Rishit Neogi"
delhi-mumbai-industrial-corridor,,20160129_INSIDE_RFCTLARR_ACT__2013_Statewise_Analysis_of_Land_Acquisition_Rules.pdf,,,"INSIDE RFCTLARR ACT, 2013 [Last updated in Feb, 2016]","STATEWISE ANALYSIS OF STATE LAND ACQUISITION RULES, NOTIFICATIONS, DRAFT LAND ACQUISITION RULES, & NEW STATE LAND ACQUISITION BILLS"
attempted-conversion-of-reserve-forests-for-housing-of-public-officials-coxs-bazar-district-bangladesh,,WP_11210_of_2006__Jhilanga_.pdf,,,Judgment,"Jilanja Mouza, Cox's Bazar"
waste-tire-burnings-for-energy-production-in-cement-plant-cemex-ponce,,House_of_Representatives_final_report_on_waste_tire_management..pdf,,,House of Representatives,Final report on waste tire management in the country.
groundwater-lifting-by-industries-leading-to-water-scarcity-in-5-villages,,Potia_Habilash_Deep_WP_440_of_2015__4_Orders_.pdf,,,Order of Potia-Habilash Deep WP 440 of 2015,
ashaninka-rioamonia-saweto-againstlogging-acre-brazil,,denuncia-por-tala-ilega_saweto_ucayali.pdf,,,,"Denuncia por Tala Ilegal Saweto Ucayali (PDF,  2014)"
hydro-power-plant-at-the-river-komarnica-montenegro,,Predlog_akcionog_plana_za_sprovo_enje_Strategije_razvoja_energetike_Crne_Gore_31.pdf,,,"Informacija o aktivnostima na pripremi Akcionog plana za sprovođenje Strategije razvoja energetike Crne Gore do 2030. godine, za period 2016 – 2020 godina",Describes the process of preparation of the Action Plan for Implementation of Energy Development Strategy- Montenegro until 2013 for the period 2016-2020
hydro-power-plant-at-the-river-komarnica-montenegro,,SPU_Strategija_upravljanja_voda_CG__nacrt_-_maj_2016_.pdf,,,STRATEŠKA PROCJENA UTICAJA NA ŽIVOTNU SREDINU NACRTA STRATEGIJE UPRAVLJANJA VODAMA CRNE GORE,"Strategic evaluation of environmental impact- Water management, Montenegro"
tengiz-oilfield-and-processing-plant,,20130604-Chevron20YrsInKazakhstan-en.pdf,,,[7] Detailed report by the NGO Crude Accountability:,
fisherfolks-of-chilika-lake-odisha-india,,fisheries_statistic_2014.pdf,,,"Amount of Shrimp Produced in Chilika, and Orissa.",Details about the fish production in Orissa till 2014.
teesta-conflict-in-sikkim,,Declaration_Eastern_Himalayas__Peoples_meet_Protection_of_Land_and_Natural_Resoruces_6_Sept_17.pdf,,,IMPHAL DECLARATION,"IMPHAL DECLARATION
(EASTERN HIMALAYAN PEOPLES’ CONVENTION ON
PROTECTION OF INDIGENOUS PEOPLES AND NATURAL RESOURCES),
6TH SEPTEMBER 2017, IMPHAL, MANIPUR"
belo-sun-mining-project-brasil,,cautelar_inominada_BELO__SUN-ESTADO_DO_PARA-agraria-ambiental.pdf,,,"AÇÃO CAUTELAR  Contra o ESTADO DO PARÁ,",
belo-sun-mining-project-brasil,,2013-belo-sun-no.pdf,,,Public Letter Against Belo Sun ,
kashagan-oil-field,,Kashaganbis.pdf,,,[4] Ifri (French Insitute for International Relations) assessment report on Kashagan:,
mackenzie-valley-pipeline,,BergerV1_complete_e__2_.pdf,,,"1977 Berger Inquiry: Northern Frontier, Northern Homeland","The original and complete first volume of the findings of the Berger Inquiry. Written by Justice Thomas R. Berger, it includes the detailed records of his years of study in the Canadian North and his consultation with 35 communities before his final recommendation of a ten year moratorium which changed the development landscape of the Canadian North."
mozal-mozambique,,MozalPresentation.pdf,,,,
proyecto-de-mineria-de-oro-los-domos-aysen,,Resolución_de_desistimiento_a_solicitud_del_titular_proponente.pdf,,,"Servicio de Evaluación Ambiental de Chile, Resolución de desistimiento, junio 2017.",
proyecto-de-mineria-de-oro-los-domos-aysen,,informe_Equus_2019_Los_domos.pdf,,,Informes de EQUUS 2019 sobre proyecto ,
ventura-timber-corporations-logging-activities-on-ancestral-lands-of-mamanwas-and-minobos-northern-mindanao-philippines,,DENR_2010__IFMA_03-2010_.pdf,,,"[9] List of IFMA, as published by the DENR in March, 2010",
cagayan-black-sand-mining-in-shore-area,,Black_sand_mining_in_the_Philippines_The_Philippine_Star.pdf,,,Black sand mining in the Philippines,
pichanaki,,Binder1.pdf,,,Fotos ,"Fotos del paro, represión y heridos en Pichanaki, 11 de febrero 2015"
sendai-coal-fired-power-station-sendai-city-miyagi-prefecture-japan,,sendaips-litigation-rev.pdf,,,Sendai PS litigation/EJO,The description of litigation against Sendai PS
sendai-coal-fired-power-station-sendai-city-miyagi-prefecture-japan,,sendai_leaflet_20170208.pdf,,,Program Leaflet against Sendai Power Plant  ,"Photo Content from Shinsai-Nisshi-in-Sendai
https://sakura3411.at.webry.info/201705/article_4.html"
shell-bonga-oil-spill-nigeria,,bonga-nw-fpso-nigeria.jpeg.jp2,,,Bonga FPSO,
vale-mining-in-voisys-bay-labrador,,Innu_Protest_at_Voisy_s_Bay.jpg,,,Innu Nation Flag flys over Voisey Bay Labrador,Sourced from: https://tedostrowski.wordpress.com/2016/01/13/voisey-bay-revisited/
stone-crushing-machine-sylhet,,Stone_Crushing_Annex_D_PDF.pdf,,,"Letter of Dilipmoy Das Chowdhury, Goainhat, Sylhet (Annexure D)",
wastepicker-mobilization-against-incinerator-in-sao-bernardo-do-campo-sao-paulo-brazil,,Alvarenga_-_Pedro_Diogo,,,The neighborhood of Alvarenga,(Pedro Diogo)
wastepicker-mobilization-against-incinerator-in-sao-bernardo-do-campo-sao-paulo-brazil,,sao_bernardo_nota_prefeitura.pdf,,,Prefeitura Sao Bernardo - Nota de Esclarimento,
right-to-fish-in-kamchatka-region,,Kovranvillage.pdf,,,Source: Berezhkov [2],
djab-wurrung-sacred-tress-and-western-highway-expansion-victoria-australia,,4._Western-Highway-Project-map.pdf,,,MRPV project map,Accessed from: https://roadprojects.vic.gov.au/__data/assets/pdf_file/0004/360778/Western-Highway-Project-map.pdf (05/03/20)
yellowknife-goldmine-canada,,Yellowknife.giantmine_canada.docx,,,,
frinds-of-amager-faelled,,The-Battle-of-the-Commons.pdf,,,The Battle of the Commons - A case study of Amager Fælled,"A thesis that investigate the motivation behind the Municipality of Copenhagen’s privatisation of public space and how an urban social movement responds to this.

Through a case study of Amager Fælled, a preserved nature area in Copenhagen, Denmark, the conflict between the urban planning strategies of Copenhagen and the urban social movement Amager Fælleds Venner is examined. Amager Fælled is a public nature area that the Municipality of Copenhagen has planned to develop for housing. Amager Fælleds Venner are fighting against the planned privatisation of the nature area, as they see Amager Fælled as an important part of their urban life. The investigations were carried out by walking interviews with four members of Amager Fælleds Venner, netnography of their Facebook group and critical discourse analysis of several documents from the Municipality of Copenhagen. The result of the thesis indicates that urban politics in Copenhagen have gone through processes of neoliberalisation and that the urban social movement, Amager Fælleds Venner, is a product of these politics."
illegal-logging-in-northern-sierra-madre-national-park-isabela-philippines,,ARTICLE_van_der_Ploeg_et_al_2011_ConSoc.pdf,,,Article ,
soy-expansion-and-violent-land-grabbing-at-fazenda-estrondo-bahia-brazil,,Associação_de_Advogadosas_de_Trabalhadoresas_Rurais_-_AATRBahia_fb_2020,,,"In 2019, the Justice Tribunal of Bahia confirmed geraizeira customary land rights",Source: AATR-BA (facebook)
georgetowns-garbage-woes-and-small-attempts-to-include-waste-pickers-guyana,,2017_-_www.inewsguyana.com_-_Pickers-1-1-696x353.png,,,Waste pickers working in Haags Bosch in 2017,(iNews Guyana)
saving-goolengook-forest-block,,Forestry_Violence_Facebook.docx,,,Forestry Violence Facebook.docx,Here's a photo posted on Facebook referring to tactics involved in the Goolengook (and other) protests
saving-goolengook-forest-block,,Goolengook_in_Errinundra_National_Park.pdf,,,Goolengook in Errinundra National Park.pdf,"This government plan shows the Goolengook Block as finally incorporated into the Errinundra National Park, which protects it from logging. Source: Andrew Picone (forest protest movement historian and campaigner)"
tourism-development-versus-nature-conservation-conflict-in-wadi-el-gemal-protected-area-along-the-egyptian-red-sea,,legal_pluralism_in_WGPA.pdf,,,Legal pluralism in WGPA,
barra-grande-dam-on-river-pelotas-brazil,,acpfeecbg.pdf,,,application of the lawsuit,Full text of the application of the public civil action lawsuit
barra-grande-dam-on-river-pelotas-brazil,,acpfeecbg.pdf,,,application of the lawsuit,Full text of the application of the public civil action lawsuit
barra-grande-dam-on-river-pelotas-brazil,,acpfeecbg.pdf,,,application of the lawsuit,Full text of the application of the public civil action lawsuit
barra-grande-dam-on-river-pelotas-brazil,,eiarimabg.pdf,,,EIA/Rima,The Environmental Impact Assessment and its Environmental Impact Report
cross-bronx-highway,,1998_phot_of_southbound_Cross_Bronx_Expressway_at_Westchester_Ave_with_subway_line_elevated_over_the_Ave_in_the_distance_credit_Steve_Anderson_and_site_nycroads.com,,,1998 Photo of Southbound Cross Bronx Expressway at Westchester Ave ,"Subway line elevated over road in distance
Credit: Steve Anderson, nycroards.com"
norocholai-coal-power-station,,Fishermen_protest_plans_to_lay_electric_line_across_Puttalam_estuary_Newsfirst.flv,,,Fishermen protest plans to lay electric line across Puttalam estuary,Fishermen in the Puttalam estuary area staged a demonstration on June 2014 against a project to lay a new electric line from the Norochcholai Power Plant across the estuary. Video by News first
mineria-de-litio-en-salar-coipasa,,Contestacion_Ancovinto.pdf,,,,Fuente: Ancovinto Resiste
waste-incineration-facility-in-cercs-barcelona-spain,,cercs.jpg,,,,
adivasi-protest-in-gare-pelma-coal-mine-kosampali-chhattisgarh-india,,Gare-Palma-IV-2n3.pdf,,,Description of the coal block,
wind-farm-at-volovja-reber-slovenia,,Windmill-aarhus-case-slovenia.pdf,,,Case Study Aarhus Convention,
barbuda-new-airport,,21.04.29-John-Mussington-et-al-v-Development-Control-Authority-et-al-.pdf,,,[11] Antigua and Barbuda Airport Authority counter appeal,Antigua and Barbuda Airport Authority counter appeal challenging Judges' finding that the Applicants had legal standing to bring an application for judicial review of the DCA’s decision to approve the development. The matter was heard and decision passed on 29th April 2021.
barbuda-new-airport,,20.02.07_-_JUDGMENT-_HCJ_Airport_case.pdf,,,[10] Interim injunction restraining further work on the airport ,Interim injunction restraining further work on the airport filed on 18th September 2018 by John Mussington and Jacklyn Frank. Case heard and decided in the High Court of Justice on 7th February 2020. The Court refused the injunction.
law-enforcers-grab-childrens-park-bangladesh,,Judgement-Khilgaon_Shishu_Park_WP_9245_of_2008.pdf,,,Judgement,
illegal-sand-mining-along-the-tien-river-dong-thap-province-vietnam,,bank-erosion-in-mekong-delta-report-mission-23-november-6-december-2003.pdf,,,[6] Bank Erosion in Mekong Delta and along Red River in Vietnam (Report 2003),"Source: http://www.google.es/url?sa=t&rct=j&q=&esrc=s&source=web&cd=1&cad=rja&uact=8&ved=0CCIQFjAA&url=http%3A%2F%2Fpublicaties.minienm.nl%2Fdownload-bijlage%2F53818%2Fbank-erosion-in-mekong-delta-report-mission-23-november-6-december-2003.pdf&ei=m8mKVe2SNIv4UL7ehKgN&usg=AFQjCNEGG5kREGPmvd46Uenl_VqO1OoEEw&sig2=cwJMCxNit-RC-7EcrkvOvw&bvm=bv.96339352,d.d24"
roma-families-fear-displacement-due-to-construction-of-an-ecoduct-across-national-road-svrcinovec-slovakia,,Svrcinovec_ecoduct.pdf,,,Svrcinovec ecoduct construction locality,The locality where an ecoduct is going to be constructed. Affected house marked with grey dot. The proximity of the two forests separated by a main road and railway is clearly visible.
roma-families-fear-displacement-due-to-construction-of-an-ecoduct-across-national-road-svrcinovec-slovakia,,Zápisnica_07-08-2019.pdf,,,Records of Svrcinovec municipal council session on 7.8.2019,The discussion recorded on p. 8 covers the recent development in the case.
beni-oukil-gravel-quarries-morocco,,liste_des_carrieres.pdf,,,Quarries List in Morocco,
