UID,other_commodities
oak-flat-usa,Molybdenum
copper-mining-on-the-asana-river-peru,molybdenum 
phosphate-mining-in-anitpolis-brazil,Phosphate
xochicuautla-comunidadotomi-mexico,Transport facilities
congo-coltan-in-the-kivu-region-dr-of-congo,Coltan
obsolete-pesticides-in-abaco-island-bahamas,Toxic Waste
anglo-platinum-mogalakwena-mine-lawsuit-south-africa,Platinum
telangana-government-plantation-programme,Plantation
yalova-vopak-chemical-storage-terminal-turkey,35 Different Types Of Hazardous Chemicals
yalova-vopak-chemical-storage-terminal-turkey,Hexane
yalova-vopak-chemical-storage-terminal-turkey,Acrylonitrile
yalova-vopak-chemical-storage-terminal-turkey,Toluene Etc.
rare-earth-mining-in-mountains-of-myanmar, Dysprosium. Terbium
nuclear-waste-storage-in-villar-de-canas-spain,Radioactive Waste
malaysia,forest products
varun-land-grabbing-madagascar,Agricultural products
kosova-e-re-lignite-power-plant,lignite
fracking-en-municipios-del-maestrat-castellon-comunitat-valenciana,Shale gas
mineria-en-el-cerro-sagrado-care-perro-antioquia,Molibdeno
macarthur-metallic-black-sand-mining,black sand
ecological-disaster-on-popular-khalaktyrsky-beach-kamchatka-region,Phenol
ecological-disaster-on-popular-khalaktyrsky-beach-kamchatka-region,Phosphate
ecological-disaster-on-popular-khalaktyrsky-beach-kamchatka-region,Iron
dominican-republic-farmers-are-threatened-by-a-new-seed-bill-project,seeds
killing-of-ashaninka-leader-estela-casanto-mauricio-in-junin-peru,Coca-growing
construction-of-the-highway-moscow-petersburg-through-the-khimki-forest-russia,Transport services
anti-fracking-uprising-in-ain-salah,Shale Gas
residents-protest-against-planned-electroplating-plant-in-dongyang-zhejiang-china,electronic components
mutanda-mine-democratic-republic-of-congo,Cobalt
proposed-garbage-incineration-plant-draws-mass-protest-in-guangdong-china,General waste 
illegal-stone-quarry-in-andarawewa-forest-reserve,Granite
marble-mining-in-indigenous-mollo-territory-in-west-timor-indonesia,Marble
fehmarn-belt-fixed-link-germany-denmark,Transportation Services
waste-management-in-subotica,Chemical (agricultural) waste
wastepickers-in-ankara-struggle-to-be-formally-incorporated-into-the-legal-waste-collecting-framework-turkey,Plastic and Paper
bedouin-israeli-citizens-expelled-from-their-land-by-the-state-israel,Transport and Military services and industries
the-shenzhen-pneumoconiosis-crisis-guangdong-china,real estates
bateke-carbon-sink,Acacia
c-332-people-with-excessive-blood-lead-caused-by-a-sino-foreign-joint-venture-in-deqing-county-of-zhejiang,batteries
appiko-movement-western-ghats-india,Teak plantations
environmental-injustice-and-social-vulnerability-due-to-dams-embankments-and-bank-erosion-in-the-ganga-kosi-floodplains-of-bihar-india,Construction materials and boats
pulot-citinickel-mine-in-palawan-philippines,Nickel
pulot-citinickel-mine-in-palawan-philippines,Chromite
energy-ecological-economics-nuclear-power-plant-in-le-carnet,contamination for personnel
energy-ecological-economics-nuclear-power-plant-in-le-carnet,populations
energy-ecological-economics-nuclear-power-plant-in-le-carnet,property and the property and the environment
erdenetsagaan-without-mining-eastern-mongolia,Fluorspar. Tungsten.
est-for-invests-paper-mill-at-the-emajogi-river,Paper
cerro-el-alguacil-inarwa-colombia,Antenas De Comunicacion
komo-airport,limestone extracted from quarry for airfield construction
oil-refinery-blast-in-limbe-cameroon,Oil products
desertificacion-de-lago-poopo-en-oruro-bolivia,comunidades indígenas 
kaolin-pipeline-on-quilombo-land-in-moju-para-brazil,Kaolin
kaolin-pipeline-on-quilombo-land-in-moju-para-brazil,Also Known As China Clay
amazone-a-defendre-against-a-solar-megapower-plant-french-guyana,Hydrogen
lamu-port-and-related-infrastructure-kenya,Transport Services
carbon,Graphite and marble
no-a-la-pineria-en-costa-rica,Pineapples
los-peligros-de-la-fiebre-del-coltan-para-indigenas-guajibo-piaroa-y-enepa-en-los-estados-bolivar-y-amazonas,Coltan
thalifushi-landfill-a-toxic-bomb-in-the-ocean-maldives,toxic waste
batangas-province-philippines,Limestone
toxic-waste-landfill-in-kettleman-city-usa,PCBs
toxic-waste-landfill-in-kettleman-city-usa,Benzene
cienaga-grande-de-santa-marta-colombia,Construccion De Infraestructura: Carretera Cienaga-Barranquilla
minamata-disease-japan,Plastics
minamata-disease-japan,Methylmercury
cultivo-de-esparragos-en-ica-peru,Espárragos
dioxin-pollution-in-qingpuling-village-fujiang-china,medical waste
polska-bnk-petroleum-fracking-poland,Shale Gas
large-scale-legal-recognition-of-peasants-seed-varieties,seeds
controvery-on-copper-and-molybdenum-mining-shifang-sichuan,Molybdenum
jade-conflict-myanmar,Jade
anti-mining-protest-in-lhundrub-county-occupitied-tibet,gypsum; barite
explosions-at-paraxylene-px-petchem-plant-and-the-related-protests-zhangzhou-fujian,Paraxylene
dambulla-quartz-mining-case,Quartz
nanjing-residents-fight-against-removing-signature-plane-trees-for-metro-lines-jiangsu-china,transportation services
ban-on-cycling-in-kolkata-west-bengal-india,Ban On Cycling In Major City Roads 
let-banni-be,Traditional livelihood
let-banni-be,Indigenous livestock
tozzi-green-ihorombe-agrofuels-madagascar,"geranium
vetiver
Forage"
comunidades-kuna-yala-frente-al-cambio-climatico,Coral
hydro-alunorte-alumina-refinery-in-barcarena-para-brazil,Calcined alumina (intermediate stage between bauxite and aluminum)
fruta-del-norte-ecuador,Molybdenum
as-the-plans-for-incinerators-in-beirut-lebanon-expand-wastepickers-recycle-to-survive,Plastic
as-the-plans-for-incinerators-in-beirut-lebanon-expand-wastepickers-recycle-to-survive,Paper
as-the-plans-for-incinerators-in-beirut-lebanon-expand-wastepickers-recycle-to-survive,Textiles
as-the-plans-for-incinerators-in-beirut-lebanon-expand-wastepickers-recycle-to-survive,Glass
sable-chemicals-zimbabwe,Ammonium Fertilizer
ojnare-forest-lime-stone-mine-gotland-sweden,Lime Stone
paper-mills-wastewater-in-east-ujimqindongwu-banner-inner-mongolia,Paper
underregulated-hazardous-waste-facility-western-environmental-in-california,soil contaminated with petroleum hydrocarbons
underregulated-hazardous-waste-facility-western-environmental-in-california,water contaminated with oil
underregulated-hazardous-waste-facility-western-environmental-in-california,and soy-whey waste
plantation-de-haut-penja,Bananas
quarry-naljezici-montenegro,Technical – construction stone
protests-against-the-dumping-of-moscows-rubbish-at-alexandrov-landfill-the-height-of-which-is-that-of-a-10-storey-building,Solid municipal waste 
narra-citinickel-mine-in-palawan-philippines,nickel
narra-citinickel-mine-in-palawan-philippines,chromite
the-fast-breeder-reacton-monju-japan,Plutonium
pt-kahatex-pt-insan-sandan-internusa-and-pt-five-star-textile,Textiles
pt-kahatex-pt-insan-sandan-internusa-and-pt-five-star-textile,heavy metals (Chromium
pt-kahatex-pt-insan-sandan-internusa-and-pt-five-star-textile,Coper
pt-kahatex-pt-insan-sandan-internusa-and-pt-five-star-textile,Arsenic
pt-kahatex-pt-insan-sandan-internusa-and-pt-five-star-textile,Lead
pt-kahatex-pt-insan-sandan-internusa-and-pt-five-star-textile,Cobalt)
conflict-involving-miners-of-juma-river-novo-aripuana-am-brazil,Emerald And Other Gems.
untreated-sewage-discharge-from-the-jinlong-industrial-park-of-hengshan-county-hunan-china,paper
sea-gypsies-of-myanmar-livelihoods-threatened-by-the-pearl-producing-companies,Pearl
exploratory-fracking-in-balcombe-uk,Shale Gas
mamanwa-communities-of-dinarawan-and-bunga-asserting-ancestral-land-rights,nickel
los-impactos-socioambientales-del-complejo-industrial-petrolero-jose-antonio-anzoategui,Coque de petróleo
ruchi-agri-soybean-operation-in-gambela-ethiopia,Processing Facilities
marinalva-manoel-murdered-brazil,Cattle
conflicto-forestal-en-la-reserva-del-patrimonio-natural-y-cultural-del-copaibo-de-concepcion,Aceite de Copaibo/ Copaibo Oil
gowanus-canal,Transportation
gowanus-canal,Municipal Sewage 
military-waste-destruction-niksic-montenegro,Military waste
bajo-la-alumbrera-mine-argentina,"Molybdenum
Manganese"
karawang-airport-on-north-coast-of-java-indonesia,Coast land; transportation services
mozambique-water-pollution-from-a-dumpsite-zimbabwe,Municipal Waste
mozambique-water-pollution-from-a-dumpsite-zimbabwe,Garbage Collected From Residential Surbubs And Hospitals
the-avocado-agribusiness-and-water-drought-in-petorca-chile,Avocado
airport-arial-beel,wetland
ocupa-maua-urban-squatting-sao-paulo-brazil,Housing
outokumpu-mine-finland6,Nickel
outokumpu-mine-finland6,Cobalt and Sulfur
wastewater-treatment-collector-in-botun-montenegro,Waste water
quebrada-blanca-tarapaca-chile,Molybdenum
platinum-mining-in-eastern-shan-state-myanmar,Platinum
phosphates-mining-in-the-gardening-zone-of-niayes-mboro-senegal,phosphates
phosphates-mining-in-the-gardening-zone-of-niayes-mboro-senegal,acide phosphorique 
save-polesia-stop-construction-of-e40-waterway,Transportation
preservation-of-livelihood-of-sarikecili-nomads-turkey,Pasture Land
entre-lo-sostenible-y-el-rechazo-el-cultivo-de-concha-abanico-argopecten-purpiratus-en-el-litoral-costero-del-peru,Scallop
bgmea-building-illegal-bangladesh,Urban infrastructure
dust-pollution-from-long-thanh-airport-construction-vietnam,soil
nuclear-waste-disposal-at-trgovska-gora-croatia,Nuclear waste
nuclear-waste-disposal-at-trgovska-gora-croatia,medical and industrial radioactive waste
titanium-mining-project-projeto-retiro-in-sao-jose-do-norte-rio-grande-do-sul-brasil,Zirconium
titanium-mining-project-projeto-retiro-in-sao-jose-do-norte-rio-grande-do-sul-brasil,rutile
titanium-mining-project-projeto-retiro-in-sao-jose-do-norte-rio-grande-do-sul-brasil,ilmenite
high-mercury-level-in-cosmetics,Skin whitening creams
revendications-of-the-gourmantche-people-on-the-pama-reserve-burkina-faso,Locals' spiritual and religious rights
makah-native-american-tribe,Gray whales (Eschrichtius robustus)
nuclear-waste-dump-poland,Nuclear waste
pitinga-mine-amazonas-brazil,"Cassiterite 
Tin "
socially-equitable-urban-transportation-pune-india,Transportation services
innovative-waste-utilization-iwu,Drug lab waste- methamphetamine
uprooted-land-in-the-occupied-palestinian-territories,Olives
uprooted-land-in-the-occupied-palestinian-territories,Trees
warraq-island-evictions-egypt,Housing
us-steels-clairton-coke-works,Coke
oposicion-a-la-extraccion-de-litio-y-uranio-en-los-proyectos-falchani-y-macusani-en-puno,Potasium
potasas-del-llobregat-catalonia,Potash
planta-tratadora-de-aguas-residuales-ptar-atotonilco-de-tula-hidalgo-mexico,Lodos residuales para uso agrícola
wastepickers-in-tunis-struggle-forth-in-post-revolution-tunisia,Plastic
wastepickers-in-tunis-struggle-forth-in-post-revolution-tunisia,Glass
operation-nemesis-on-illegal-slaughters-southern-indian-ocean-antarctica, whale
grasim-industries-viscose-plant-india,viscose
grasim-industries-viscose-plant-india,wood pulp
fenix-el-estor-guatemala,Nickel
fenix-el-estor-guatemala,Ferronickel
guatemala-mass-mobilisations-win-in-defeating-the-monsanto-law-pushed-by-us,Seeds
rosia-montana-romania,Silver
construccion-tunel-de-la-linea-colombia,Infraestructura
hydrocarbon-extraction-a-threat-to-livelihood-in-neduvasal-pudukkottai-district-cauvery-delta,Project affluents
pesticide-acute-poisoning-in-tomatoes-plantations-in-corrientes-argentina,Tomatoes
the-city-of-sirjan-between-water-conflict-for-dried-pistachio-trees-and-golgohar-iron-mine-iran,Pistachio
yucca-mountain-nuclear-waste-storage-usa,Nuclear waste
waste-nuevomercurio-zacatecas-mexico,Mercury. Bifenilos policlorados (BPC) -  polychlorinated biphenyl (PCB)
wu-yug-sochen-namling-dzong-tibet,Details about mining operations in the region are scarce[1]
wu-yug-sochen-namling-dzong-tibet,but probably there are gold and copper mines [4]
bosques-de-bahia-solano-colombia,Explotacion De Bosque Nativo Que Incluye Especies Endemicas Del Choco: Algarrobo
bosques-de-bahia-solano-colombia,Sande
bosques-de-bahia-solano-colombia,Cedro Amargo
bosques-de-bahia-solano-colombia,Balsamo
bosques-de-bahia-solano-colombia,Caimito
bosques-de-bahia-solano-colombia,Chanul Y Virola
relleno-sanitario-parque-industrial-santodomingo-colombia,Residuos sólidos
almond-leaf-scorch-in-alicante,Almond
rhino-poaching-in-the-balule-nature-reserve-in-south-africas-greater-kruger-national-park,Rhino horns
anglo-platinum-mogalakwena-mine-tailings-dam-in-limpopo-south-africa,Platinum
lago-lleu-lleu-chile,escandio
lago-lleu-lleu-chile,rutilio
proposed-national-radioactive-waste-management-facility-south-australia,Low- to immediate-level nuclear waste
proposed-national-radioactive-waste-management-facility-south-australia,mostly generated from nuclear medicine
distruzione-e-cementificazione-del-bosco-ai-prati-di-caprara,Bosque urbano; Recursos forestales
afectados-por-el-nemagon-honduras,Bananas
b-lead-poisoning-melody-chemical-plant-china, lithopone
sasol-and-others-heavily-pollute-the-vaal-river-and-the-air-across-mpumalanga-south-africa,Liquid fuels made of coal
chemical-industry-in-flix-tarragona-spain,In 1949
chemical-industry-in-flix-tarragona-spain,After The Construction Of The Flix Hydroelectrical Power Station
chemical-industry-in-flix-tarragona-spain,"It Also Starts Working A Chlorine/Soda Electrolysis Plant With A Mercury Cell.
In 2004"
chemical-industry-in-flix-tarragona-spain,The Manufactured Commodities Were: Chlorine (150.000 Tonnes/Year)
chemical-industry-in-flix-tarragona-spain,Soda
chemical-industry-in-flix-tarragona-spain,"Chlorine Derivatives And Dicalcium Phosphate (740.000 Tonnes/Year). 

In The Past"
chemical-industry-in-flix-tarragona-spain,The Company Also Produced Ddt Pesticide As Well As Pcbs And Chlorine Solvents. 
order-81s-effect-on-agriculture,seeds
stewart-air-national-guard-base-pfa-contamination-of-city-of-newburghs-primary-water-source-washington-lake,Firefighting Foam (AFFF)
cobre-en-el-valle-de-putaendo-proyecto-vizcachitas,Molybdenum
dojura-choco-colombia,-0
chumbivilcas-against-hudbay-peru,Molybdenum
graphite-mining-in-ambohitsy-haut-madagascar,Graphite
hydrocarbon-extraction-by-oil-and-natural-gas-corporation-ongc-kathiramnagalam-tamil-nadu,Extraction affluents
the-farm-of-a-thousand-cows,Milk production
dona-ines-de-collahuasi-chile,Molibdeno
namibia-agriculture-and-renewables-caparo-farming-project-in-caprivini-namibia,Herbs
namibia-agriculture-and-renewables-caparo-farming-project-in-caprivini-namibia,Nuts
arctic-diesel-leak-in-norilsk-russia,Nickel and palladium
northwest-florida-beaches-airport,wetlands
contaminacion-por-relleno-sanitario-en-comunidad-de-puerto-rico-ecuador,Residuos sólidos
itai-itai,Cadmium as pollutant
mossville-louisiana-environmental-racism-united-states,Vinyl chloride
shandong-silver-hawk-chemical-fiber-co-ltd-viscose-plant-china,Viscose 
gmos-ban-croatia,Animal and plant products 
quebrada-la-lata-magdalena-colombia,Gravas
quebrada-la-lata-magdalena-colombia,Material De Construcción
nuclear-power-plans-uae,Seawater (desalination)
tomato-farmers-of-immokalee-florida,Tomatoes 
nouveau-nonde-graphite-project-quebec-canada,Graphite
kyaukphyu-port,Transport services
elderly-antinuclear-activist-nun-breaks-into-a-government-complex-to-expose-nuclear-crimes-in-tennessee-usa,Nuclear bombs
toxic-waste-dumping-in-abidjan-ivory-coast,"Waste from caustic washing of coker naphta (unrefined petroleum),
Sodium Hydroxide"
toxic-waste-dumping-in-abidjan-ivory-coast,Mercaptides
toxic-waste-dumping-in-abidjan-ivory-coast,Sulphides
toxic-waste-dumping-in-abidjan-ivory-coast,Phenolates
toxic-waste-dumping-in-abidjan-ivory-coast,Organochlorines and Organic Chemicals such as Benzene
toxic-waste-dumping-in-abidjan-ivory-coast,Xylenes and Toluen. 
nuclear-accident-severodvinsk-russia, Isotopes of strontium
nuclear-accident-severodvinsk-russia,barium and lanthanum
beaver-lake-cree-nation-vs-canada-and-alberta,Bitumen
the-arctic-railway-project-through-sami-territory-from-finland-to-norway,Transport of minerals
the-arctic-railway-project-through-sami-territory-from-finland-to-norway,fish products
the-arctic-railway-project-through-sami-territory-from-finland-to-norway,forestry products and other natural resources and goods
nuclear-weapons-test-site-novaya-zemlya-arctic-russia,Nuclear hydrogen bomb
winning-the-energy-debate-in-victoria-vret,Renewable energy
children-get-lead-poisoning-from-wugang-manganese-smelting-factory-in-china,Manganese
bastar-conflict-chhattisgarh-india,Pine (Pinus caribaea)
land-and-livelihood-conflicts-in-bhitarkanika-wildlife-sanctuary-odisha-india,Turtles
british-nuclear-tests-at-maralinga,Radioactive plutonium; TNT is trinitrotoluene
british-nuclear-tests-at-maralinga,an explosive chemical compound
haida-gwai-forresty-dispute,Trees
haida-gwai-forresty-dispute,especially cedar.
phosphate-mining-on-nauru,Phosphate 
srae-roneam-village-against-illegal-loggin,rosewood
open-cast-mining-at-sefateng-chrome-mine-in-limpopo-south-africa,Chrome
mining-of-white-clay-or-china-clay-netrokona-district-in-the-northern-part-of-bangladesh,White Clay
mining-of-white-clay-or-china-clay-netrokona-district-in-the-northern-part-of-bangladesh,also known as China clay or kaolin
port-colborne-class-action-lawsuit-against-vale,Nickel
port-colborne-class-action-lawsuit-against-vale,electrocobalt
the-eucalyptus-plantations-in-sao-luiz-do-paraitinga-sao-paulo-brazil,Paper mills
la-lucha-del-pueblo-shuar-arutam-psha-contra-solaris-resources,Molybdenum
red-hill-underground-fuel-storage-facility-jet-fuel-leak,jet fuel
noccioleti-a-viterbo,Avellanas
vasove-vode-illegal-landfill-montenegro,Medical waste
oil-pipeline-and-refinery-in-balboa-extremadura-spain,"Diesel Oil
Sulfur
Coke
Kerosene"
saugeen-ojibway-nation-vote-no-against-the-building-of-an-underground-nuclear-waste-storage-facility-near-lake-huron-ontario,Low and Intermediate level radioative nuclear waste.
puerto-petaca-bahia-de-taganga-colombia,Construcción Del Puerto Petaca
from-church-grounds-to-a-quarry-hundreds-of-roma-were-evicted-twice-from-their-settlement-nearby-oslo-norway,Axinite-(Mn)
from-church-grounds-to-a-quarry-hundreds-of-roma-were-evicted-twice-from-their-settlement-nearby-oslo-norway,Bustamite
from-church-grounds-to-a-quarry-hundreds-of-roma-were-evicted-twice-from-their-settlement-nearby-oslo-norway,Fluorapophyllite-(K)
from-church-grounds-to-a-quarry-hundreds-of-roma-were-evicted-twice-from-their-settlement-nearby-oslo-norway,Grossular
from-church-grounds-to-a-quarry-hundreds-of-roma-were-evicted-twice-from-their-settlement-nearby-oslo-norway,Molybdenite
from-church-grounds-to-a-quarry-hundreds-of-roma-were-evicted-twice-from-their-settlement-nearby-oslo-norway,Scheelite
from-church-grounds-to-a-quarry-hundreds-of-roma-were-evicted-twice-from-their-settlement-nearby-oslo-norway,Vesuvianite
nnpc-pipeline-pollutes-groundwater-in-abesan,petroleum products
mondi-merebank-multifuel-boiler-in-durban-south-africa,Paper
norra-karr-norra-karr-sweden-mining-conflict,Zirconium
relleno-sanitario-landfill-el-carrasco-bucaramanga-colombia,Relleno sanitario (landfill)
canadian-farmers-struggle-to-keep-using-traditional-seeds-varieties,Seeds
san-idelfonso-ixtahuacan,antimonio; tungsteno
first-critical-mass-san-francisco-history-of-an-organized-coincidence-a-celebration-and-protest,Disproportionate use of urban space by cars. The commodity casing the conflict is cars
first-critical-mass-san-francisco-history-of-an-organized-coincidence-a-celebration-and-protest,and urban planning at the service of the cars.
protest-against-heavy-pollution-from-russian-nickel-plant-kirkenes-norway,Nickel
french-nuclear-tests-in-polynesia,Nuclear tests
metropolitan-park-at-the-former-hellinikon-international-airport-and-the-coastal-front-of-agkosmas-in-athens,Urban open spaces; Green urban spaces 
sunocos-mariner-east-2-pipeline-in-pennsylvania,Liquid natural gases: propane
sunocos-mariner-east-2-pipeline-in-pennsylvania,ethane
sunocos-mariner-east-2-pipeline-in-pennsylvania,and butane
highway-threatens-old-oak-tree-savinac-serbia,Transport infrastructure 
plan-especial-de-proteccion-y-reforma-interior-pepri-en-cabanyal-canyamelar-cap-de-franc-valenciaa,Viviendas
granja-de-vacas-de-noviercas-soria-spain,Milk
large-sewage-treatment-plant-in-minority-community,Sewage
prahovo-pyrite-cinder-dump-site-serbia,Pyrite
uranio-samana-caldas-colombia,Phosphate
uranio-samana-caldas-colombia,Vanadium
parque-tematico-de-flora-y-fauna-bioparque-pereira-colombia,Megaconstruccion Para Turismo
sagarmatha-national-park-nepal,The recognition of rights
sagarmatha-national-park-nepal,not a commodity
sagarmatha-national-park-nepal,is the main source of the current conflict. The conflict arises over the imposition of protected areas over the rights of indigenous communities
sagarmatha-national-park-nepal,such as the Sherpa in this case. The Sherpa are not mere stakeholders
sagarmatha-national-park-nepal,they are rightholders. 
zacatecana-mercury-silver-mexico,Mercury
taganito-mining-corporations-nickel-mine-surigao-del-nortephilippines,Nickel and other associated minerals
khoikhoi-and-san-peoples-rooibos-access-and-benefit-sharing-agreement,Rooibos leaves
khoikhoi-and-san-peoples-rooibos-access-and-benefit-sharing-agreement,Traditional knowledge
rio-blanco-mine-majaz-peru,Molybdenum
chromite-mining-in-salcedo-and-killing-of-activist-francisco-canayoung-philippines,Chromite ore
shandong-chtc-helon-co-ltd-viscose-factory-china,Viscose 
kerr-mcgee-cimarron-fuel-fabrication-site-in-oklahoma-usa,Plutonium
illegal-narcotics-plantations-on-indigenous-nasa-territory-in-caldono-cauca-colombia,Narcotics; Coca leaf 
water-and-sewerage-anti-privatization-movement-in-thessaloniki,Wastewater  
ring-of-fire-ontario-canada,Chromites
ring-of-fire-ontario-canada,Nickel
ring-of-fire-ontario-canada,copper
ring-of-fire-ontario-canada,"platinum. Chromite is an iron chromium oxide: FeCr2O4. It is an oxide mineral belonging to the spinel group.  
It is an important mineral for the production of metallic chromium"
ring-of-fire-ontario-canada,used as an alloying ingredient in stainless and tool steels. 
onca-puma-nickel-mining-project-in-ourilandia-do-norte-para-brazil,Nickel
food-producers-protest-poland,Agricultural Products (milk
food-producers-protest-poland,etc.)
panna-tiger-reserve-india,Stone
geotube-construction-in-pentha-india,geotextiles
geotube-construction-in-pentha-india,gabion boxes
geotube-construction-in-pentha-india,polymer rope
quifels-hoyo-hoyo-agriculture-project-in-lioma-zambezia-region-mozambique,Sunflower (Bio Fuel)
quifels-hoyo-hoyo-agriculture-project-in-lioma-zambezia-region-mozambique,Sesame
poluicao-por-curtumes-rio-alviela-pernes-portugal,Leather
los-tolupanes-en-contra-de-proyectos-mineros-e-hidroelectricos-el-yoro-hondura,Antimony
modiwa-platinum-mine-in-maandagshoek-limpopo-south-africa,Platinum
nice-oin-plaine-du-var-france,"- Leisure Services.
- Transportation Services."
vertedero-de-residuos-en-cayambe-ecuador,Residuos sólidos
m-serious-pollution-of-the-realgar-mine-in-changde-city-hunan-province-china,realgar
m-serious-pollution-of-the-realgar-mine-in-changde-city-hunan-province-china,arsenic
m-serious-pollution-of-the-realgar-mine-in-changde-city-hunan-province-china,phosphate fertilizer
m-serious-pollution-of-the-realgar-mine-in-changde-city-hunan-province-china,sulfuric acid
hybrid-rice-in-the-office-du-niger-mali,Livestock (Cattle)
mercury-dumping-in-abu-kammashs-water-poses-a-threat-to-coastal-life-libya,Plastic
mercury-dumping-in-abu-kammashs-water-poses-a-threat-to-coastal-life-libya,Salt
sri-lankan-farmers-defend-their-rights-against-a-new-seed-law,seeds
huanuni-bolivia,Estaño (Tin)
air-pollution-at-qilu-pharmaceutical-companystudent-and-parent-protests-in-licheng-no-2,Pharmaceutical products
apeco-special-economic-zone-on-ancestral-lands-and-fishing-grounds-aurora-island-philippines,special economic zones
new-aviation-fuel-delivery-system-to-serve-vancouver-airport,aviation fuel
corumba-indigenous-communities-and-mining-brazil,Manganese.
dannenrod-forest-occupation-against-highway-construction,Transportation
fisherfolk-against-fake-new-islands-in-jakarta-bay-indonesia,Fisheries
industrial-zoning-in-austin,Household recyclables
nashua-river-pollution-usa,Textiles
nashua-river-pollution-usa,Paper
hubei-shuanghuan-science-and-technology-compan, sodium carbonate
hubei-shuanghuan-science-and-technology-compan,used in making glass
hubei-shuanghuan-science-and-technology-compan,and ammonium chloride for fertilizer
project-fortress-mega-solar-plant-kent-uk,Batteries
proyecto-la-vega-mocoa-colombia,Molybdenum
rio-colorado-potasio-mendoza-argentina,"Potash
Potash"
isahaya-bay-nagasaki-prefecture-construction-of-the-dyke-japan,Seaweed
stop-de-kindermoord-stop-the-child-murder-protest-for-children-deaths-caused-by-motor-vehicles,Disproportionate use of urban space by cars. The commodity causing the conflict is cars
stop-de-kindermoord-stop-the-child-murder-protest-for-children-deaths-caused-by-motor-vehicles,together with urban planning at the service of the cars.
amianto-mining-in-minacu-goias,Crisotila (White Amianto); 
contaminacion-del-rio-tula,Arsenic
contaminacion-del-rio-tula,cadmium
contaminacion-del-rio-tula,and methylmercury.
al-tamimi-khaled-attempts-crop-farming-in-dosso-niger,Irrigated Crops
intexs-mindoro-nickel-project,Nickel
intexs-mindoro-nickel-project,Cobalt
dump-site-in-sulaymaniyah-kurdistan-region-of-iraq,Medical waste
beach-minerals-sand-mining-in-tamil-nadu-india,Ilmenite
beach-minerals-sand-mining-in-tamil-nadu-india,Garnet
beach-minerals-sand-mining-in-tamil-nadu-india,Zircon
beach-minerals-sand-mining-in-tamil-nadu-india,Rutile
beach-minerals-sand-mining-in-tamil-nadu-india,Monazite.
phosphate-mines-togo,phosphates
the-skane-project,Vanadium
wachtelkoenig-crex-crex-against-the-ennstalertrasse-austria,mobility; traffic services
explotacion-de-niobio-en-los-municipios-de-catalao-y-ouvidor-goias,Niobio-pirocloro
explotacion-de-niobio-en-los-municipios-de-catalao-y-ouvidor-goias,Monazita
torching-of-olive-trees-palestine,Olive Trees
laos-china-railway,Transportation services
murders-of-uman-leaders-over-mining-logging-and-plantations-near-butuan-city-agusan-del-norte-caraga,Nickel
murders-of-uman-leaders-over-mining-logging-and-plantations-near-butuan-city-agusan-del-norte-caraga,chromite
controversy-over-planned-paraxylene-px-plant-expansion-in-jiujiang-jiangxi-china,Paraxylene
pondoland-wild-coast-xolobeni-mining-threat-south-africa,Ilmenite
pondoland-wild-coast-xolobeni-mining-threat-south-africa,Rutile
pondoland-wild-coast-xolobeni-mining-threat-south-africa,Zircon
caramanta-antioquia-colombia,Colimdeno
cancer-village-qiugang-develops-in-anhui-china,Benzene
cancer-village-qiugang-develops-in-anhui-china,dyes 
gold-mining-and-mercury-pollution-suriname,Mercury
europa-city,Building services
europa-city,hotels.
pantanos-de-villa,Industrial products manufactured in protected area
haw-river-and-jordan-lake-water-contamination,PFAs
lithium-project-in-jadar-and-radjevina,Borate
battery-metals-from-nornickel-ar,Nickel
janakalyan-community-forest-user-group,Forest resources (fuel-wood
janakalyan-community-forest-user-group,fodder
janakalyan-community-forest-user-group,leaf-litter etc )
stuttgart-21-project-germany,Transportation Services
dongling-lead-and-zinc-smelting-co-fengxiang-shaanxi-china,Cadmium
construction-of-a-waste-treatment-centre-specialising-in-recycling-and-decontaminating-extremely-and-highly-dangerous-waste-is-being-built-on-the-territory-of-maradikovskiy-an-ex-chemical-weapon-destruction-facility,Polonium
construction-of-a-waste-treatment-centre-specialising-in-recycling-and-decontaminating-extremely-and-highly-dangerous-waste-is-being-built-on-the-territory-of-maradikovskiy-an-ex-chemical-weapon-destruction-facility,benzapyrene
construction-of-a-waste-treatment-centre-specialising-in-recycling-and-decontaminating-extremely-and-highly-dangerous-waste-is-being-built-on-the-territory-of-maradikovskiy-an-ex-chemical-weapon-destruction-facility,hydrogen fluorine
construction-of-a-waste-treatment-centre-specialising-in-recycling-and-decontaminating-extremely-and-highly-dangerous-waste-is-being-built-on-the-territory-of-maradikovskiy-an-ex-chemical-weapon-destruction-facility,lead salt
construction-of-a-waste-treatment-centre-specialising-in-recycling-and-decontaminating-extremely-and-highly-dangerous-waste-is-being-built-on-the-territory-of-maradikovskiy-an-ex-chemical-weapon-destruction-facility,thallium
construction-of-a-waste-treatment-centre-specialising-in-recycling-and-decontaminating-extremely-and-highly-dangerous-waste-is-being-built-on-the-territory-of-maradikovskiy-an-ex-chemical-weapon-destruction-facility,mercury diethyl
construction-of-a-waste-treatment-centre-specialising-in-recycling-and-decontaminating-extremely-and-highly-dangerous-waste-is-being-built-on-the-territory-of-maradikovskiy-an-ex-chemical-weapon-destruction-facility,plutonium
construction-of-a-waste-treatment-centre-specialising-in-recycling-and-decontaminating-extremely-and-highly-dangerous-waste-is-being-built-on-the-territory-of-maradikovskiy-an-ex-chemical-weapon-destruction-facility,tellurium
construction-of-a-waste-treatment-centre-specialising-in-recycling-and-decontaminating-extremely-and-highly-dangerous-waste-is-being-built-on-the-territory-of-maradikovskiy-an-ex-chemical-weapon-destruction-facility, hydrogen cyanide
construction-of-a-waste-treatment-centre-specialising-in-recycling-and-decontaminating-extremely-and-highly-dangerous-waste-is-being-built-on-the-territory-of-maradikovskiy-an-ex-chemical-weapon-destruction-facility,phenol
construction-of-a-waste-treatment-centre-specialising-in-recycling-and-decontaminating-extremely-and-highly-dangerous-waste-is-being-built-on-the-territory-of-maradikovskiy-an-ex-chemical-weapon-destruction-facility,chloroform
construction-of-a-waste-treatment-centre-specialising-in-recycling-and-decontaminating-extremely-and-highly-dangerous-waste-is-being-built-on-the-territory-of-maradikovskiy-an-ex-chemical-weapon-destruction-facility,sulphuric acid
construction-of-a-waste-treatment-centre-specialising-in-recycling-and-decontaminating-extremely-and-highly-dangerous-waste-is-being-built-on-the-territory-of-maradikovskiy-an-ex-chemical-weapon-destruction-facility,selenium
construction-of-a-waste-treatment-centre-specialising-in-recycling-and-decontaminating-extremely-and-highly-dangerous-waste-is-being-built-on-the-territory-of-maradikovskiy-an-ex-chemical-weapon-destruction-facility,hydrogen sulphide
construction-of-a-waste-treatment-centre-specialising-in-recycling-and-decontaminating-extremely-and-highly-dangerous-waste-is-being-built-on-the-territory-of-maradikovskiy-an-ex-chemical-weapon-destruction-facility,barium
construction-of-a-waste-treatment-centre-specialising-in-recycling-and-decontaminating-extremely-and-highly-dangerous-waste-is-being-built-on-the-territory-of-maradikovskiy-an-ex-chemical-weapon-destruction-facility,formaldehyde
construction-of-a-waste-treatment-centre-specialising-in-recycling-and-decontaminating-extremely-and-highly-dangerous-waste-is-being-built-on-the-territory-of-maradikovskiy-an-ex-chemical-weapon-destruction-facility,antimony
construction-of-a-waste-treatment-centre-specialising-in-recycling-and-decontaminating-extremely-and-highly-dangerous-waste-is-being-built-on-the-territory-of-maradikovskiy-an-ex-chemical-weapon-destruction-facility,vinyl benzene
richards-bay-minerals-dune-mining-south-africa,Ilmenite
richards-bay-minerals-dune-mining-south-africa,Rutile And Zircon
sport-and-recreation-center-svetice-croatia,Sport infrastructure
contaminacion-de-industria-porcicola-pronaca-en-tsachilas,Porcicultura
nuclear-storage-facilities-in-gorleben-germany,Nuclear waste
mavoor-gwalior-rayons-factory,Bamboo
mavoor-gwalior-rayons-factory,Viscose
mavoor-gwalior-rayons-factory,Wood Pulp
controversy-over-suixi-gcl-solar-power-project-in-zhanjiang-guangdong-china,solar power
songjiang-battery-projectchina,Battery cells and packs
local-populations-from-niafourang-opposing-zircon-mining-senegal,Zircon mineral
quifel-agribusiness-agrofuels-or-foodcrop-projects-in-port-loko-sierra-leone,Cassava
los-impactos-socioambientales-del-complejo-refinador-paraguana,Coque de petróleo (petcoke)
dairi-lead-zinc-project-in-indonesia,Silver 
intentions-of-exploration-of-nickel-ore-in-mokra-gora-serbia,Nickel
lt-farm-land-of-guinea-soy-and-corn-development-in-faranah-region-guinea,Pulses
kaolin-mining-by-mibal-company-braga-portugal,Kaolin ( Other Names: Argile de Chine
kaolin-mining-by-mibal-company-braga-portugal,Argilla
kaolin-mining-by-mibal-company-braga-portugal,Bolus Alba
kaolin-mining-by-mibal-company-braga-portugal,Caolín
kaolin-mining-by-mibal-company-braga-portugal,China Clay
kaolin-mining-by-mibal-company-braga-portugal,Heavy Kaolin
kaolin-mining-by-mibal-company-braga-portugal,Hydrated Aluminum Silicate
kaolin-mining-by-mibal-company-braga-portugal,Kaolin Léger
kaolin-mining-by-mibal-company-braga-portugal,Kaolin Lourd
kaolin-mining-by-mibal-company-braga-portugal,Light Kaolin
kaolin-mining-by-mibal-company-braga-portugal,Porcelain Clay
kaolin-mining-by-mibal-company-braga-portugal,Silicate d’aluminium hydraté
kaolin-mining-by-mibal-company-braga-portugal,Terre à Porcelaine
kaolin-mining-by-mibal-company-braga-portugal,White Bole)
mont-saint-michel,Wind turbines
fertiliser-plant-blast-in-toulouse-france,Fertilisers
thai-waste-pickers-livelihoods-threatened-by-continued-waste-imports,Plastic / carton
polish-farmers-protest-poland,Agricultural products
land-grabbing-for-agro-business-by-senegindia-sarl-community-of-diokoul-senegal,Potatoes
belinga-iron-ore-mine-and-belinga-dam-gabon,Manganese
wastepickers-face-better-conditions-due-to-international-cooperation-efforts-in-north-eastern-jordan,Plastic
wastepickers-face-better-conditions-due-to-international-cooperation-efforts-in-north-eastern-jordan,Textile
banana-plantations-and-logging-in-mount-apo-natural-park-near-magpet-cotabato-mindanao,Banana
mayor-proyecto-de-explotacion-de-niobio-en-el-mundo-en-el-municipio-de-araxa-mg,Monazite
hilco-distribution-facility-replaces-coal-fired-generating-station-little-village-chicago-us,Products for delivery
planned-industrial-waste-pipeline-project-of-oji-paper-in-qidong-jiangsu-china,paper
illegal-unreported-and-unregulated-fishing-iuu-by-chinese-fleet-in-galapagos-islands,Squid
rio-tinto-qmm-ilmenite-mine-madagascar,"Ilmenite
Zirconium"
gabes-phosphate-fertilizers-plants-of-the-tunisian-chemical-group,Phosphate fertilizer; Phosphate
great-pacific-garbage-patch,Plastic; marine debris
proyecto-nueva-union-huasco-chile,Molibdeno
wtr-ranobe-forest-mining-madagascar,Ilmenite
wtr-ranobe-forest-mining-madagascar,"zircon and rutile
zircon  
leucoxene"
los-chocoyos,Cobalt
los-chocoyos,chrome
los-chocoyos,antimonium
permanent-repository-for-lilw-nuclear-waste-slovenia,Nuclear Waste
lead-smelter-in-zajaca-serbia,Antimony
sewa-paper-mill-in-gangapur-orissa-india,Paper Mill 
grassy-narrows-logging-conflict-ont-canada,Mercury
portoalegres-driver-runs-over-cyclists-protesting-in-the-critical-mass,Disproportionate use of urban space by cars. The commodity casing the conflict is cars
portoalegres-driver-runs-over-cyclists-protesting-in-the-critical-mass,and urban planning at the service of the cars.
dou-cancer-village-near-jiaozishan-landfill-and-incinerators-in-jiangsu-province-china,Medical and construction waste
chinese-uranium-mine-invades-nigers-traditional-pastoral-territory,Salt
aerial-fumigations-and-plan-colombia-ecuador,Glyphosate
aerial-fumigations-and-plan-colombia-ecuador,Coca
deep-sea-mining-svalbard-archipelago-arctic-norway,scandium
villeranges-gold-mine,antimony
villeranges-gold-mine,tin
villeranges-gold-mine,tungsten
lake-turkana-wind-power-project-kenya,Wind
puerto-de-tribuga-choco-colombia,Construcción de un puerto multiproposito de aguas profundas
world-heritage-at-risk-in-the-palestinian-village-of-battir,Olives
economic-woes-plastic-packaging-and-children-wastepickers-in-tehrans-dirt-gold-mafia-iran,Plastic
a-wall-around-roma-settlement-to-protect-from-noise-krusevac-serbia,No specific commodity in this case. Rather a built segregation wall  against Roma
controversy-over-planned-paraxylene-px-plant-expansion-in-ningbo-zhejiang-china,Paraxylene
opposing-paraxylene-px-plant-in-the-petrochina-10-million-tons-year-refinery-project-anning-kunming-yunnan-china,PX - paraxylene
opposing-paraxylene-px-plant-in-the-petrochina-10-million-tons-year-refinery-project-anning-kunming-yunnan-china,gasoline
kevitsa-mine-lapland-finland,Nickel
kevitsa-mine-lapland-finland,Cobalt
kevitsa-mine-lapland-finland,Platinum
kevitsa-mine-lapland-finland,and Palladium
afectacion-de-comunidades-indigenas-yanomami-de-la-cuenca-del-rio-ocamo-por-mineria-ilegal,Mercury
loma-miranda-ferronickel-mine-dominican-republic,Ferro-nickel
ordination-of-trees-a-peculiar-form-of-mobilization-from-sri-lanka,Banana
indonesia-weda-bay-industrial-park-iwip-north-maluku-indonesia,Nickel
ambatovy-mining-project-madagascar,Nickel
ambatovy-mining-project-madagascar,Cobalt
ambatovy-mining-project-madagascar,Ammonium Sulphate Fertilizer
kolwezi-ecological-and-sanitary-disaster,Cobalt
ringaskiddy-incinerator,Hazardous Waste
daimiel-natural-park-and-agriculture-spain,Other agricultural products
tourism-development-in-marsa-alam-and-disenfrenchisement-of-local-indigenous-community,Phosphate
finike-marble-and-stone-quarries-turkey,Marble
ipilan-nickel-mine-in-palawan-philippines,Nickel
tectona-monoculture-tree-plantations-mozambique,Teak
movement-against-the-location-of-the-vasco-da-gama-bridge-lisboa,Transport services
fishmeal-pollution-in-chimbote-peru,Fishmeal
nuclear-waste-contamination-from-mayak-plutonium-plant-russia,Plutonium
nuclear-waste-contamination-from-mayak-plutonium-plant-russia,nuclear waste
harris-superquarry-scotland-uk,Stones
olive-plantation-on-krk-island-croatia,Olive trees
las-coloradas,Molybdenum
la-oroya-peru,Selenium
la-oroya-peru,bismuth
la-oroya-peru,antimony
la-oroya-peru,etc
metallic-mining-moratorium-in-romblon-philippines,Marble
gach-black-sand-mining-in-sanyang-the-gambia,Zircon
medical-waste-disposal-plant-bielsko-biala-silesia-poland,Medical and veterinary waste
greenham-common-womens-peace-camp-eliminate-nuclear-missiles-in-berkshire-england,Nuclear weapons
gyama-mine-landslide-in-tibet,molybdenum
mining-and-transportation-of-uranium-ore-at-port-radium-northwestern-territories-and-its-impacts-on-the-local-deline-first-nation-community-who-worked-there,Radium
the-park-is-ours-banja-luka-bosnia-and-herzegovina,green space
4,hospital waste 
carretera-m-501-madrid-spain,Acceso rodado a una zona de alto valor natural y paisajístico para favorecer su desarrollo urbanístico
tahltan-nation-v-fortune-minerals-bc-canada,Anthracite Coal
brewery-project-destroying-jhinkargadi-forest-in-balarampur-village-odisha-india,Forest preserved by local community for 4 decades
protests-against-polluting-factories-in-huaxi-dongyang-zhejiang-china,Trifluralin
protests-against-polluting-factories-in-huaxi-dongyang-zhejiang-china,ammonium bifluoride
protests-against-polluting-factories-in-huaxi-dongyang-zhejiang-china,Tricyclazole
protests-against-polluting-factories-in-huaxi-dongyang-zhejiang-china,etc.
pigneto-lake-of-rome,urban park
windscale-sellafield-uk,Plutonium
agricultural-land-investment-deal-in-djidja-benin,Manioc
rights-of-nature-new-zealand,Eel
al-khorayef-group-plans-for-soy-in-chaco-argentina,Infrastructure (Roads
al-khorayef-group-plans-for-soy-in-chaco-argentina,Electricity
al-khorayef-group-plans-for-soy-in-chaco-argentina,Irrigation)
al-khorayef-group-plans-for-soy-in-chaco-argentina,Sorghum
quebradeiras-de-coco-babacu-against-agribusiness-and-the-enclosure-of-their-lands-maranhao-brazil,Babassu
la-hague-center-of-the-reprocessing-of-nuclear-waste-france,plutonium 
los-pelambres-comunidad-los-caimanes-chile,Molibdeno
panantza-san-carlos-ecuador,Molibdeno
minera-autlan-mexico,Manganese
animal-husbandry-pollution-of-huangpu-river-shanghai-china,dead animals
agua-rica-andalgala-catamarca-argentina,Molybdenum
klabin-plantations-brazil,Paper And Cardboard
waste-gas-based-cogeneration-project-egypt,Carbon Black
shells-quest-hydrogen-ccs-in-fort-saskatchewan-alberta-canada,"Tar sands
Hydrogen"
trans-tasman-resources-limited-ttr-iron-sand-mining-within-the-south-taranaki-bight-new-zealand,Ilmenite
trans-tasman-resources-limited-ttr-iron-sand-mining-within-the-south-taranaki-bight-new-zealand,zircon
trans-tasman-resources-limited-ttr-iron-sand-mining-within-the-south-taranaki-bight-new-zealand,rutile
trans-tasman-resources-limited-ttr-iron-sand-mining-within-the-south-taranaki-bight-new-zealand,garnet
norilsk-russias-most-polluted-city,Nickel
norilsk-russias-most-polluted-city,palladium
norilsk-russias-most-polluted-city,platinum
norilsk-russias-most-polluted-city,cobalt
formosa-toxic-waste-spill-and-plastic-pollution-in-lavaca-bay-texas-united-states,Plastics
biomass-power-plant-pecs-hungary,Wood
biomass-power-plant-pecs-hungary,Energy Crops
biomass-power-plant-pecs-hungary,Agricultural Residues
biomass-power-plant-pecs-hungary,Straw
stone-forestal,Paper pulp
illegal-falcon-trade-in-syria,Falcons
paz-del-rio-boyaca-colombia,Limestone
terminale-galleggiante-per-la-rigassificazione-di-gnl-di-livorno,Des pierres
braslovce-highway-plan-slovenia,Transport services
construction-of-a-highway-over-a-radioactive-waste-disposal-site-in-a-souther-region-of-moscow,Radium
construction-of-a-highway-over-a-radioactive-waste-disposal-site-in-a-souther-region-of-moscow,Thorium 
construction-of-a-highway-over-a-radioactive-waste-disposal-site-in-a-souther-region-of-moscow,Radon
elk-valley-coal-mines-selenium-pollution,Selenium
parque-eolico-jepirachi-colombia,Energía Eólica
mining-sacred-kushtau-hill-russia,Limestone
kalkar-a-bad-joke-germany,Nuclear waste
sierra-de-la-ventana-argentina,Materiales Pétreos
india-basin-mixed-use-development-project-in-bayview-hunters-point,Housing
india-basin-mixed-use-development-project-in-bayview-hunters-point,Parkland
citadel-capital-concord-irrigated-crops-in-unity-state-south-sudan,Sunflower
citadel-capital-concord-irrigated-crops-in-unity-state-south-sudan,Sorgum
diamond-alkali-superfund-site-dioxin-pollution-in-passaic-river,"Tetrachlorodibenzo-p-dioxin (TCDD)
Dichlorodiphenyltrichloroethane (DDT)"
kirtland-air-force-base-jet-fuel-leak,jet fuel
shrinking-of-swietokrzyski-national-park-in-the-interest-of-the-catholic-church-poland,Religious services
carnegie-zircon-mining-the-gambia, Beach sand minerals: zircon
carnegie-zircon-mining-the-gambia,ilmenite
carnegie-zircon-mining-the-gambia,rutile
quellaveco-peru,Molybdenum
amarapura-urban-development-project-shankalay-kyun-island,Urban development
gaziemir-lead-factory-turkey,Europuim 152
unlawful-removal-of-olive-trees-and-wind-energy-project-in-karaburun-turkey,Olive Trees
opposition-against-the-building-of-primorsk-universal-loading-complex,Fertilizers
nishiyodogawa-osaka-air-pollution-and-other-damage,Pollution caused by industry and transport
dewayne-johnson-against-monsanto-trial-for-glyphosate-exposure,Herbicides
heathrow-third-runway-airport-expansion-uk,Transport Services
findikli-pasalar-regulator-and-hydroelectric-power-plant-turkey,Trees
findikli-pasalar-regulator-and-hydroelectric-power-plant-turkey,Forest
antamina-mine-peru,Molybdenum
kundil-sponge-iron-limited-londa-india,"Direct reduced iron or ""sponge iron"""
millennium-challenge-account-irrigation-projects-mali,Cereals
bayovar-vale-miski-mayo-peru,Phosphates
sateri-jiangxi-chemical-fibre-co-ltdber-co-viscose-plant-china,Viscose 
yali-falls-hydropower-dam-vietnam,Irrigation
intag-mining-junin-ecuador,Molybdenum
cementos-progreso-san-juan-sacatepequez-guatemala,Calizas
severe-water-pollution-by-meiko-electronics-plant-in-wuhan-china,"electronics
contained"" in"" production"" wastewater"" as"" well"" as"" other"" cleaning"" and"" acidic"" wastewater"
pujada-nickel-mine-on-ancestral-lands-oriental-davao-philippines,Nickel
pujada-nickel-mine-on-ancestral-lands-oriental-davao-philippines,Cobalt
scarborough-gas-project,"Ammonium Nitrate 
Fertilisers"
khibiny-mountains-platinum-and-palladium-mining-kola-peninsula-russia,"Palladium
Platinum"
rio-tunjuelo-bogota-colombia,"Gravas
Arenas
Fabricación De Cemento"
elefsina-bay,Shipyard
elefsina-bay,commercial port
elefsina-bay,ammunition manufacturing
elefsina-bay,archaeological sites
mag-lev-conflict-in-shanghai-china,Transport Services
aznalcollar-tailings-dam-failure-spain,Tailings dam failure
living-alongside-a-foxconn-plant-in-taiyuan-shanxi,electronics
heavy-metal-chromium-pollution-in-quijing-yunnan-china,Chromium
pt-south-pacific-viscose-spv-viscose-plant-indonesia,Viscose
pt-south-pacific-viscose-spv-viscose-plant-indonesia,Sulphuric Acid 
pebble-mine-in-bristol-bay-alaska-usa,Molybdenum
excessive-blood-lead-of-children-caused-by-a-battery-company-in-anhui-china,batteries
pollution-of-begejac-channel-kula-serbia,Wastewaters
shenzhou-mining-claver-mineral-development-corporation-nickel-mining-in-claver-philippines,Nickel ore
lead-poisoning-by-zeliang-battery-factory-in-qingyuan-guangdong-china,Batteries
destruction-of-the-sweetgum-forests-turkey,The Sweetgum Trees
destruction-of-the-sweetgum-forests-turkey,Forest
destruction-of-the-sweetgum-forests-turkey,Citrus Fruits
anti-gmo-mouvement-portugal,Genetically Modified Seeds Gm Maize Mon810
aggressive-seed-laws-in-ghana,Seeds
nuclear-colonialism-in-marshall-islands,Nuclear tests 
water-conflict-nestle-waters-in-vittel,Plastics
las-luchas-contra-el-mega-proyecto-del-arco-minero-del-orinoco,Coltan
mose-project-in-venetian-lagoon,flood protection
electric-crematorium-at-siliguri-west-bengal-india,Pollution due to cremation of dead bodies 
hassad-food-landgrabs-for-sheep-and-wheat-australia,Meat (Sheep)
triangulo-del-feldespato-y-mineria-a-cielo-abierto-en-avila-spain,Feldespato/Feldspars
radioactive-mine-waste-pollution-at-tudor-shaft-informal-settlement-krugersdorp-south-africa,Radioactive waste
tipnis,Coca
black-granite-mutoko-zimbabwe,Black Granite
waste-landfill-protests,Wet Waste
waste-landfill-protests,Plastic
yawal-wildlife-sanctuary-maharastra-india,bamboo
save-alappad-stop-mining,Ilmenite
save-alappad-stop-mining,Rutile
save-alappad-stop-mining,Zircon
save-alappad-stop-mining,Monazite
anti-mining-protests-and-controversies-around-the-law-with-the-long-name,Fluorspar
controversy-over-planned-paraxylene-px-plant-in-maoming-guangdong-china,paraxylene (PX) 
plutonium-production-near-native-american-reservations-usa,Plutonium
sokli-mine-finland,Phosphate
sokli-mine-finland,Niobium
sokli-mine-finland,Manganeses
sokli-mine-finland,Vermiculite
sokli-mine-finland,rare earth elements
linden-trees-in-niksic-montenegro,Urban infrastructure; Linden trees
linden-trees-in-niksic-montenegro,transport services
illegal-logging-and-the-death-of-environmentalist-chut-wutty,"rosewood
yellow vine"
waste-incineration-bielsko-biala-silesia-poland,Heat
nuclear-testing-in-newe-segobia-western-shoshone-lands-in-nevada-us,Nuclear tests
transport-corridor-vc-lot-3-bosnia-and-herzegovina,Transport services
comunidad-indigena-de-santo-tomas-vs-agricola-superior-de-jacona-michoacan-mexico,Fresas y arandanos - Strawberries and Blueberries
love-canal-niagara-falls-usa,Chemical Waste
collapse-of-wastewater-treatment-poses-a-threat-to-lives-and-livelihoods-yemen,Treatment Facilities
heinda-tin-mine-dawei-region-myanmar,Tin
heinda-tin-mine-dawei-region-myanmar,Tungsten
concesiones-mineras-dentro-del-parque-nacional-chagres,piedra caliza (limestone)
concesiones-mineras-dentro-del-parque-nacional-chagres,piedra de cantera (quarry) y arcilla (clay)
deaths-in-iron-sand-mining-west-java-indonesia,iron sand
pueblos-indigenas-arawaks-del-sur-afectados-por-mineria-ilegal-en-la-cuenca-del-rio-atabapo,Coltán
san-roque-metals-inc-nickel-mining-in-tubay-agusan-del-norte-philippines,Nickel
san-roque-metals-inc-nickel-mining-in-tubay-agusan-del-norte-philippines,cobalt
forest-logging-lithuania,Biofuel
pueblos-originarios-de-la-cuenca-de-mexico-en-contra-del-aeropuerto-internacional-de-santa-lucia,Otros materiales pétreos para construcción
strict-property-and-marketing-laws-imposed-on-seeds-in-france,Seeds
tunnel-through-the-gorica-hill-podgorica-montenegro,Infrastructure- tunnel
opposition-increases-as-canadas-federal-government-continues-to-fund-small-modular-reactor-smr-development,Plutonium
hurricane-sandy-and-low-income-residents-usa,Fair Housing Access
contaminacion-en-nobsa-colombia,Arcilla - Caliza
toroku-miyazaki-prefecture-japan,Arsenopyrite
paramo-rabanal-colombia,Coke
loma-de-hierro,Nickel
trans-pyrenean-central-corridor-spain-france,Transportation Services
eu-fishing-activities-in-madagascar,Tuna and Billfishes
mega-puerto-de-chancay,All minerals exported
aranmula-greenfield-airport-aga-project-india,Pilgrimage
conflict-at-mines,Forest products
loc-valley-cide-hydroelectric-power-plant-turkey,Different Tree Species
lucha-de-los-pueblos-laguneros-contra-la-planta-de-cianuro-de-chemours-en-durango,Cianuro
lucha-de-los-pueblos-laguneros-contra-la-planta-de-cianuro-de-chemours-en-durango,Sosa Caustica
lucha-de-los-pueblos-laguneros-contra-la-planta-de-cianuro-de-chemours-en-durango,Amoniaco
teak-forest-exploitation-south-sudan,Teak
teck-frontier-oilsands-mine,Bitumen oil
tsumeb-smelter,Smelting of concentrated copper to produce blister copper
tsumeb-smelter,sulphuric acid and arsenic trioxide.
creys-malville-france,Plutonium
the-olive-quick-decline-syndrome-in-apulia,Olive Oil
grassy-narrows-and-whitedog-first-nations-mercury-poisoning-ont-canada,mercury
farmers-strike-for-food-sovereignty-in-bogota,Seeds
citadel-capital-sabina-and-al-nahda-for-integrated-solutions-irrigated-crops-in-white-nile-state-sudan,Sunflowers
citadel-capital-sabina-and-al-nahda-for-integrated-solutions-irrigated-crops-in-white-nile-state-sudan,Sorghum
resource-extraction-in-boucra-western-sahara-updated-by-julie-snorek-7-nov-2016,Phosphorus
resource-extraction-in-boucra-western-sahara-updated-by-julie-snorek-7-nov-2016,phosphates
pachon-argentina-chile,Molybdenum
rheebu-nuu,Nickel and Cobalt
nickel-mining-in-manicani-island,Nickel
chicomuselo-contra-blackfire-chiapas,Barita
nuclear-waste-storage-facility-in-rokkasho-aomori-japan,Plutonium 
explotacion-de-oro-aluvial-en-el-rio-madre-de-dios,Mercury
nuclear-waste-in-gastre-chubut-argentina,Nuclear waste
granadilla-port-in-tenerife-spain,Transport Services
shutangshan-village-chemical-factory-pollution-in-hunan-province,Allicin
shutangshan-village-chemical-factory-pollution-in-hunan-province,a liquid chemical commonly used as an additive in pig feed
shutangshan-village-chemical-factory-pollution-in-hunan-province,mainly composed of disulphide and trisulphide
lof-en-resistencia-cushamen-vs-benetton-y-la-represion-del-estado-nacional,Sheep. Wool
extraccion-de-jade-en-guatemala,Jade 
glencore-in-zambia,Cobalt
kingston-fossil-plant-harriman-tn,Coal Ash
jugohrom-jegunovce-air-pollution-macedonia,ferro-silicon
jugohrom-jegunovce-air-pollution-macedonia,silicon–chrome
jugohrom-jegunovce-air-pollution-macedonia,low carbon ferro-chrome and technical silicon  
proyecto-mande-norte-murindo-colombia,Molibdeno
tarahumaras-fight-against-deforestation-and-murder-of-isidro-baldenegro-chihuahua-mexico,Oak
glencore-xstrata-tampakan-copper-gold-project-south-cotabato,Other aggregate metals in the copper and gold ores.
kalpakkams-fast-breeder-reactor-india,Plutonium
contaminacion-de-la-presa-de-san-lucas-xochimilco-cdmx,Waste water
uranium-project,Phosphates 
asian-highway-infrastructure-project-karen-state-myanmar,Trade
asian-highway-infrastructure-project-karen-state-myanmar,transport
asian-highway-infrastructure-project-karen-state-myanmar,mobility
sagarmala,Transport services
puerto-galera-waste-dump-facility-may-relocate-indigenous-iraya-mangyan-families-philippines,Waste produced largely by closeby Tourism
demarcation-of-indios-land-in-the-serra-do-padeiro-brazil,Several Agricultural Crops And Unproductive Farms. 
farmers-use-loopholes-to-force-a-law-change-for-seeds-in-the-united-kingdom,Seeds
torianita-mining-in-amapa,Torianite
zimapan-waste-disposal-hidalgo-mexico,Industrial waste
phosphates-matam-senegam,phosphates
greenpeace-revealed-shenhuas-water-intensive-coal-chemical-projects-in-ordos-inner-mongolia,Diesel
greenpeace-revealed-shenhuas-water-intensive-coal-chemical-projects-in-ordos-inner-mongolia,naphtha
greenpeace-revealed-shenhuas-water-intensive-coal-chemical-projects-in-ordos-inner-mongolia,liquefied petroleum gas
greenpeace-revealed-shenhuas-water-intensive-coal-chemical-projects-in-ordos-inner-mongolia,crude phenol and industrial sulfur. [5] 
ev-battery-recycling-factory-zlotoryja-silesia-poland,Battieries
nuclear-waste-disposal-bure-france,Nuclear Waste
demeter-international-katondo-farm-project-bwabwata-national-park-in-mbukushu-district-namibia,Canola
la-reunion-coastal-road,Public transportation 
interoceanica-as-a-driver-of-deforestation-and-land-use-change-in-madre-de-dios-peru,"Transportation services
Papaya"
interoceanica-as-a-driver-of-deforestation-and-land-use-change-in-madre-de-dios-peru,Cacao
chronic-pollution-in-eloor-kerala-india,Rare earth processing waste
think-biotech-reforestation-concession,Acacia
talvivaara-mining-company,Nickel and Cobalt
the-a45-motorway,Transport services 
sultan-marshes-wetland-turkey,Reeds
caldag-nickel-mine-turkey,Nickel
gmos-in-catalunya-spain,"Genetically Modified Seeds
Gm Maize Mon810"
phosphate-fertilizer-plant-pollution-in-liuchong-village-hubei-province,phosphate fertilizer
huasco-petcoke-chile,Petcoke
exploratory-fracking-in-arquetu-cantabria-spain,Shale-Gas
sta-cruz-zambales-nickel-mining-impacts-sustainable-agriculture-and-fisheries,Nickel
opposition-against-controversial-amazon-route-of-transatlantic-railway-brazil-peru,Transport services
the-turow-coal-mine,Lignite and heavy metals (specially mercury).
congo-agricultureagrisa-farmland-in-malolo-congo,Cattle
congo-agricultureagrisa-farmland-in-malolo-congo,Chicken
congo-agricultureagrisa-farmland-in-malolo-congo,Timber
congo-agricultureagrisa-farmland-in-malolo-congo,And Others
taean-national-park-oil-spill-south-korea,Other sea foods 
dawei-sez-tanintharyi-region-myanmar,trade and logistics services
legal-recognition-of-creole-seeds-won-in-brazil,Seeds
legal-recognition-of-creole-seeds-won-in-brazil,beans and forage crops
pirquitas-amenaza-aguas-de-jujuy-argentina,Estaño (Tin)
desalination-plant-mamelles-beach-in-dakar-senegal,Loss of urban coast
natural-resource-exploitation-in-the-dead-sea-area,Minerals extracted from Dead Sea water such as calcium
natural-resource-exploitation-in-the-dead-sea-area,magnesium and potassiuls
pak-ze-aan-de-turnhoutsebaan-the-demand-for-a-less-car-centric-mobility-policy-in-antwerp,Disproportionate use of urban space by cars. The commodity causing the conflict is cars
pak-ze-aan-de-turnhoutsebaan-the-demand-for-a-less-car-centric-mobility-policy-in-antwerp,together with urban planning at the service of the cars.
ampliacion-de-carretera-en-tepoztlan-mexico,Transport services
environmental-threats-industrial-salmon-new-mining-concessions-in-chiloe-chile,Turba (peat) y Pompón (musgo Sphagnum)
environmental-threats-industrial-salmon-new-mining-concessions-in-chiloe-chile,
greenland-mineral-ltds-kuannersuit-kvanefjeld-rare-earth-uranium-project-greenland,Fluor
air-pollution-in-pittsburgh-pa,Raw Materials
manganese-mining-in-manggarai-east-nusa-tenggara-indonesia,Manganese
try-pheap-co-logging-operation-in-cambodia,Pepper
try-pheap-co-logging-operation-in-cambodia,Yellow Vine
chemical-hazard-conflict-over-the-metales-plant-at-otay-mesa-industrial-park-tijuana-mexico,Batteries
hanapepe-salt-ponds-threatened-by-growth-of-helicopter-operations,hanapepe salt
lonmin-south-africa,Platinum
sterrebos-cut-down-for-car-factory-expansion-the-netherlands,Vehicles
luangwa-community-forests-project-lcfp-redd,Tobacco
1-untreated-waste-water-dumped-by-chemical-plants-in-tengger-desert-inner-mongoliachina,Sodium sulfide
1-untreated-waste-water-dumped-by-chemical-plants-in-tengger-desert-inner-mongoliachina,aminoanisole
1-untreated-waste-water-dumped-by-chemical-plants-in-tengger-desert-inner-mongoliachina,o-phenylenediamine
1-untreated-waste-water-dumped-by-chemical-plants-in-tengger-desert-inner-mongoliachina,sulfur dyestuff
1-untreated-waste-water-dumped-by-chemical-plants-in-tengger-desert-inner-mongoliachina,sodium thiosulfate [4]; Printing and dyeing stuff [4]; Corn starch and glutamic acid [5]
lead-contaminations-of-population-by-metalosa-factory-bajos-haina-dominincan-republic,car batteries
programme-of-triangular-cooperation-for-developing-agriculture-in-the-tropical-savannahs-of-mozambique-prosavana,Other crops
sateri-jiujiang-fiber-co-ltd-viscose-plant-china,Viscose 
lead-paint-and-other-toxics-in-brooklyn-usa,Lead
chrome-rich-great-dyke-area-zimbabwe,Chrome
chrome-rich-great-dyke-area-zimbabwe,Platinum
tren-maya-mexico,Archaeological places
kaziranga-conflict-rhinos-and-poachers-assam-india,Conservation of rhinos
afectados-por-el-nemagon-nicaragua,Bananas
arcelormittal-tremendous-pollution-in-ukraine,Section
arcelormittal-tremendous-pollution-in-ukraine,concentrate
arcelormittal-tremendous-pollution-in-ukraine,coke
arcelormittal-tremendous-pollution-in-ukraine,sinter 
fukushima,One of the reactors used MOX fuel
fukushima,with plutonium. 
bangka-belitung-mining,Tin
waste-incineration-fuelled-cement-plant-in-cordoba-spain,"Cement
Plastic Materials (Especially From Intensive Agriculture)
Hospital Waste
Sewage Sludge
Tyres
Solid Urban Waste"
seoul-informal-waste-collectors,Cardboard (also referred to as wastepaper)
sand-iron-mining-in-kulonprogo-indonesia,Iron sand mining
sand-iron-mining-in-kulonprogo-indonesia,also other minerals (titanium
sand-iron-mining-in-kulonprogo-indonesia,vanadium)
xianghe-chemical-factory-in-liuyang-hunan-china,Cadmium; Indium
granitequarrying-capbreton-novascotia-canada,Granite
shortage-of-water-in-gawadar,Transport services
phosphorite-mining-estonia,Phosphates
phosphorite-mining-estonia,potential for rare earths 
national-hazardous-waste-treatment-center-bulgaria,Hazardous Waste
national-hazardous-waste-treatment-center-bulgaria,Toxic Waste
high-speed-train-bangkok-nakhon-ratchasima,Passenger transportation
raj-west-power-ltd-barmer-rajasthan-india,Lignite
sanya-hongtangwan-international-airport-hainan-china,transportation services
sanya-hongtangwan-international-airport-hainan-china,Chinese white dolphin
amungme-against-freeport-mcmoran-indonesia,Molybdenum
minera-san-rafael-el-valle-dominican-republic,Agregados-Áridos
baigas-claim-to-right-to-land-forest-and-forest-resources-and-fight-against-state-violence-in-chhattisgarh-india,Forest resources
jieh-power-plant-oil-spill-lebanon,"war conflict- land occupation 
Public Health "
taksim-square-and-gezi-park-construction-works-turkey,Trees
taksim-square-and-gezi-park-construction-works-turkey,Green Areas
taksim-square-and-gezi-park-construction-works-turkey,Urban Park
sanyou-chemical-fibre-viscose-factories-china,Viscose 
the-jilin-chemical-plant-explosions-songhua-river-pollution-incident, Aniline
the-jilin-chemical-plant-explosions-songhua-river-pollution-incident,benzene and nitrobenzene 
jiujiang-jinyuan-chemical-fiber-co-ltd-viscose-plant-china,Viscose (rayon)
opposition-to-overfishing-and-seabed-mining-based-on-raui-principals-cook-islands-new-zealand, Magnesium
oba-airport-site-land-conflict-and-sand-ming,laterite
oba-airport-site-land-conflict-and-sand-ming,clay
delong-nickel-industrial-area-indonesia,Nickel
nuclear-debate-in-sri-lanka,Thorium
phosphate-mining-in-gafsa,Phosphate
desert-sunlight-solar-farm-550-mw-pv-california-usa,Solar Photovoltaic
copper-nickel-projects-inari-finland,Nickel
calcite-mining-in-nimmalapadu-village-ap-india,Calcite
calcite-mining-in-nimmalapadu-village-ap-india,Magnesium
kropz-phosphate-mine-in-west-coast-national-park-elandsfontein-south-africa,Phosphate
yoshima-thermal-power-station-iwaki-city-fukushima-japan,Wood pellets
chitwan-national-park-nepal-a-resource-use-rights-conflict,Non-timber Forest Produce (NTFP)
residents-protest-against-foul-air-in-weiyuan-county-sichuan-china,porcelain
residents-protest-against-foul-air-in-weiyuan-county-sichuan-china,coal gas
illegal-animal-traficking-iraq,Cobalt
sakatti-mine,Cobalt
sakatti-mine, Nickel
grassroots-seed-conservation-movement-in-greece,Seeds
henan-xinxiang-hongda-paper-industry-co-ltd-causing-water-pollution-china,paper
henan-xinxiang-hongda-paper-industry-co-ltd-causing-water-pollution-china,pulp
henan-xinxiang-hongda-paper-industry-co-ltd-causing-water-pollution-china,paperboard
shintech-pvc-plant-in-the-cancer-alley-usa,Pvc
contaminacion-por-el-botadero-kara-kara-bolivia,Residuos sólidos
contaminacion-por-el-botadero-kara-kara-bolivia,llantas (tyres)
port-expansion-in-la-punta-valencia-spain,Transport Services
port-expansion-in-la-punta-valencia-spain,Logistical Services
wackersdorf-nuclear-reprocessing-plantg-baviera-germany,Plutonium
la-calanque-de-port-miou-and-the-solvay-company-marseille-france,Limestone.  Caustic Soda. 
thermal-power-plant-stanari,Lignite (brown coal)
stone-mining-killing-a-river,Stones
contaminacion-por-empresa-de-cementos-en-selva-alegre-ecuador,Cal
division-salvador-bahia-de-chanaral,Molibdeno
bronx-river-greenway,real estates and urban spaces
logistics-hub-trans-shipment-port-in-portland-bight-jamaica,Transport services 
estonias-shale-oi-estonia,Oil shale
vedanta-and-konkola-zambia,Cobalt
petrochemical-complex-in-itaborai-rio-de-janeiro-brazil,Plastics And Other Petrochemical Products
slave-and-forced-labor-in-seafood-industry-thailand,Other types of seafood
deforestacion-en-loreto-y-ucayali-por-grupo-melka,Cacao
socotra-island-military-takeover-by-uae-amid-climate-change-woes,Endemic species
socotra-island-military-takeover-by-uae-amid-climate-change-woes,UNESCO World Heritage
kylylahti-mine,Cobalt and Nickel
contaminacion-ambiental-en-la-huaca-por-quema-de-cana-peru,Caña
titanium-mining-in-thuan-nam-district-ninh-thuan-province-vietnam,Titanium-Zircon Ore
islanders-resisting-nickel-mining-permits-wawonii-southeast-sulawesi-indonesia,Nickel
sakhon-nakhon-potash-mine,Potash
taiji-wakayama-prefecture-dolphin-hunting-conflicts-with-anti-whaling-organizations-like-sea-shepard,Dolphins to be butchered for meat or also
taiji-wakayama-prefecture-dolphin-hunting-conflicts-with-anti-whaling-organizations-like-sea-shepard,some of them
taiji-wakayama-prefecture-dolphin-hunting-conflicts-with-anti-whaling-organizations-like-sea-shepard,for export for aquariums.
vaike-oismae-park-housing-area,Expansion of roads for motor traffic
indigenous-communities-of-rio-negro-divided-over-mining-regularization-and-affected-by-commercial-cooptation-and-illegal-mining,Niobium; Tantalite
standard-gauge-railway-project-from-mombasa-to-nairobi-kenya,Transport services
marina-de-valdecanas-extremadura-spain,Hotels
marina-de-valdecanas-extremadura-spain,golf courses
marina-de-valdecanas-extremadura-spain,marina services
marina-de-valdecanas-extremadura-spain,vacation houses
amarawewa-forest-clearing-for-biofuel-sri-lanka,Gliricidia
sadr-city-radioactive-waste-iraq,Scrap metal
gungormez-and-bahcekoy-quartzite-mine,Quartzite
gungormez-and-bahcekoy-quartzite-mine,Feldspat
oil-leak-in-mauritus-islands-is-threatenind-nature-and-local-peoples-health,Diesel 
busanga-dam-on-lualaba-river-drc,Cobalt
white-mesa-uranium-mill-utah-usa,Vanadium
brad-polymetallic-ores-including-gold,polymetallic ores
lead-poisoning-caused-by-jiaozuo-oriental-gold-and-lead-co-ltd-henan-china,sulfuric acid 
seeds-and-the-grey-areas-of-the-european-law-in-austria,Seeds
hindustan-unilever-thermometer-factory-kodaikanal-tamil-nadu-india,Medical equipment (Thermometers)
a2-motorway-portugal,Transport services
thermal-power-plants-in-sapeacu-brazil,Fuel Oil For Thermoelectric Plants
violations-of-the-cano-tiburones-reserve,Sugar Cane
ogms,GMO food and products
nuclear-waste-storage-in-scanzano-jonico,Anthropogenic radionuclides:  55Fe
nuclear-waste-storage-in-scanzano-jonico,60Co
nuclear-waste-storage-in-scanzano-jonico,59Ni
nuclear-waste-storage-in-scanzano-jonico,39Ar
nuclear-waste-storage-in-scanzano-jonico,94Nb
nuclear-waste-storage-in-scanzano-jonico,3H
nuclear-waste-storage-in-scanzano-jonico,14C
nuclear-waste-storage-in-scanzano-jonico,41Ca
nuclear-waste-storage-in-scanzano-jonico,152Eu
nuclear-waste-storage-in-scanzano-jonico,154Eu
nuclear-waste-storage-in-scanzano-jonico,241Am
nuclear-waste-storage-in-scanzano-jonico,238Pu
nuclear-waste-storage-in-scanzano-jonico,239Pu
nuclear-waste-storage-in-scanzano-jonico,240Pu
nuclear-waste-storage-in-scanzano-jonico,242Cm
nuclear-waste-storage-in-scanzano-jonico,244Cm
nuclear-waste-storage-in-scanzano-jonico,233U
nuclear-waste-storage-in-scanzano-jonico,234U
nuclear-waste-storage-in-scanzano-jonico,235U
nuclear-waste-storage-in-scanzano-jonico,238U
nuclear-waste-storage-in-scanzano-jonico,232Th
nuclear-waste-storage-in-scanzano-jonico,237Np
shukruti-georgian-manganese,Manganese
new-1500-acre-site-proposed-for-nuclear-waste-storage-in-south-bruce-ontario,used nuclear fuel bundles
dangerous-changes-in-the-gmo-law-serbia,GMOs 
khoudiadienne-sephos-senegal,phosphates alumino-calciques 
khoudiadienne-sephos-senegal,phosphoric rock
nitta-gelatin-india-ltd-ngil-india,Gelatin
nitta-gelatin-india-ltd-ngil-india,Ossein
nitta-gelatin-india-ltd-ngil-india,Di Calcium Phosphate And Collagen Peptide
expansion-de-andina-244-chile,Molibdeno
cementera-en-los-haitises-republica-dominicana,Limestone
air-pollution-from-the-brick-ctofary-ciglana-spremo-serbia,Bricks
lgv-bordeaux-spain-northern-basque-country-france,Transportation Services
pcb-contamination-in-warren-county-usa,Polychlorinated Biphenyls
nagaragawa-dam,freshwater clams
kochi-paper-pulp-dispute-japan,Paper
closure-and-modernisation-of-old-nickel-and-copper-smelter-monchegorsk-kola-peninsula-russia,Nickel
closure-and-modernisation-of-old-nickel-and-copper-smelter-monchegorsk-kola-peninsula-russia,Cobalt
43-miners-died-in-kamoto-mine,Cobalt 
chota-nagpur-conflict-jharkhand-india,Teak
potassium-mining-sinkholes-in-berezniki-russia,Potassium
contaminacion-por-relaves-mineros-en-el-rio-pilcomayo-bolivia,Tin
tendele-coal-mine-somkhele-kwazulu-natal,Anthracite
tendele-coal-mine-somkhele-kwazulu-natal,a pure form of coal
gyeongju-nuclear-waste-site-south-korea,Nuclear Waste
phosphate-mining-project-in-lavras-do-sul-rio-grande-do-sul-brazil,Phosphate and limestone
air-pollution-and-nuisance-in-the-area-of-schiphol-airport-and-amsterdam,Transport Services 
infravest-windenergy-taiwan,Biogas
hukaung-valley-hotspot-kachin-state-myanmar,Cassava
advance-agro-plantations-thailand,Pulp And Paper
sinar-mas-app-groups-forestry-pulp-paper-integrated-project-in-yunnan,Pulp and Paper
marcventures-mining-operations-in-cantilan-surigao-del-sur-philippines,nickel ore
waste-dumping-and-burning-in-adana-turkey,Plastic
villaggio-turistico-di-forti-porto-tolle,Pequeños límites compresibles
villaggio-turistico-di-forti-porto-tolle,lodos de perforación y perforación
villaggio-turistico-di-forti-porto-tolle,patadas de defecación
villaggio-turistico-di-forti-porto-tolle,conglomerado bituminoso
villaggio-turistico-di-forti-porto-tolle,escoria de acero
villaggio-turistico-di-forti-porto-tolle,putas de dreñeggio palable no dañino dañino
uralita-in-cerdanyola-catalonia-asbestos-spain,Fibrocemento
high-speed-two-railway-united-kingdom,Transportation Services
fungicides-in-banana-plantations-in-davao,Banana
pt-inti-indorayon-utama-eucalyptus-plantation-conflict-sumatra-indonesia,Acacia
portland-harbor-superfund-site,Ship building
nickel-ore-exploration-mining-trstenik-serbia,Nickel ore
deva-muncel-gold-polymetallic-ores-exploitation,polymetallic ores
afectadas-por-el-nemagon-costa-rica,Bananas
delhi-mumbai-industrial-corridor,Forest
delhi-mumbai-industrial-corridor,Public services etc
deep-sea-port-and-airport-on-kalagote-island,sea
caffaro-contamination-in-brescia,Polychlorinated biphenyls - PCBs
world-tristar-entertainment-land-grab-in-the-koh-sla-region-kampot-cambodia,rosewood
huichapan-waste-incineration-in-cemex-factory-hidalgo,Industrial waste
copper-nickel-mining-in-voronezh-russia,Nickel
protest-against-chinese-companies-to-build-elevated-railways-hinder-animal-migrationnairobi-kenya,Railway
pak-bara-deep-sea-port-project-thailand,Coastal area
controversy-over-planned-paraxylene-px-plant-in-xiamen-fujian-china,Paraxylene
burgos-bnk-petroleum,Shale gas and oil
cordillera-azul-national-park-canp-peru,"Coca
Cacao"
c-excessive-blood-lead-of-workers-of-ricun-battery-technology-in-changzhou-jiangsu-china,batteries
senegal,le bois teck
clustering-of-waste-facilities-in-chester-usa,Medical Waste
diogo-zircon-mining-niayes-senegal,Sand minerals - zircon
diogo-zircon-mining-niayes-senegal,ilmenite
diogo-zircon-mining-niayes-senegal,rutile
diogo-zircon-mining-niayes-senegal,leucoxene.
high-speed-train-basque-country-spain,Transportation Services
resisting-free-trade-agreements-to-protect-local-seeds-thailand,Seeds
lead-poisoning-near-huaqiang-battery-factory-china,Batteries
dragado-de-los-corales-gamines-por-el-proyecto-canal-alterno-en-la-bahia-de-cartagena,Vias de transporte de barcos de gran calado
parque-nacional-natural-tayrona-colombia,Infraestructura Hotelera
yeongheung-coal-plant-south-korea,Bituminous coal
yokkaichi-asthma-japan,Petrochemical industry
hamlet-and-enviva,Wood pellets
kyaukpyu-special-economic-zone,Industrial services
complexo-industrial-portuario-de-suape-cips-pernambuco-brazil,Transport facilities 
holcim-incineracion-y-desechos-solidos-el-salvador,Tyres
tikul-a-y-b,Solar energy
mining-and-murders-on-indigenous-land-in-san-teodoro-mindoro-oriental-philippines,Chromite
mining-and-murders-on-indigenous-land-in-san-teodoro-mindoro-oriental-philippines,nickel [5]
vinto-fundidora-de-antimonio-y-estano-bolivia,"Antimonio
Estaño (Tin)"
ambler-mining-project-northwest-arctic-alaska-us,Cobalt
bauxite-mining-in-cockpit-country-jamaica,silica and limestone 
ozbek-village-stone-quarry-construction-turkey,Construction Materials Such As Stone
ozbek-village-stone-quarry-construction-turkey,Stone Chips Etc. 
tapeba-indians-threatened-by-companies-and-public-policies-in-caucaia-ceara-brazil,Clay
traditional-communities-against-pollution-of-leather-industry-in-belem,Leather 
save-the-forest-of-rades-tunisia,Transport services
tridaine-water-spring-la-boverie-quarry,calcareous material (lime)
tablistas-contra-la-destruccion-de-playas-en-lima,Beach surfing
red-tide-in-nanko-south-lake-of-lake-biwa,Phosphorus
red-tide-in-nanko-south-lake-of-lake-biwa,Nitrogen
karonsie-dongi-people-and-vale-mine-in-sorowako-sulawesi-indonesia,Nickel
ivanplats-platreef-mine-in-mokopane-south-africa,Platinum. Nickel. Palladium.
cementerio-nuclear-cader-en-temascalapa-estado-de-mexico,Radioactive waste
son-la-hydropower-dam-vietnam,Irrigation
hinuguruellapitiya-quarries,Rock
movilizaciones-del-gas-protest-against-industrial-pollution-in-erandio-basque-country,"Paint
Resins
Sulphuric acid"
fishers-protest-destruction-of-mangroves-in-ennore-india,Transport 
second-airport-in-jeju-south-coast-of-south-korea,Transport services
second-airport-in-jeju-south-coast-of-south-korea,military services
smart-growth-issues-in-west-oakland,Urban property
smart-growth-issues-in-west-oakland,affordability
smart-growth-issues-in-west-oakland,public health
enbridge-northern-gateway-pipeline-canada,Bitumen
tenke-fungurume-deposit-democratic-republic-of-congo,Cobalt
stade-des-lumieres-ol-land-decines-france,Leisure Services
lead-poisoning-by-jiangsu-chunxing-pizhou-china,lead-acid batteries
law-to-ban-bullfighting-in-catalunya-spain,"Bulls
Entertaiment"
tamaqua-borough-passes-ordinance-on-rights-of-nature,Toxic waste
shark-finning-o-aleteo-en-costa-rica,Shark Finns 
saudi-star-agriculture-and-irrigation-project-in-gambela-ethiopia,Other - Teff
saudi-star-agriculture-and-irrigation-project-in-gambela-ethiopia,Oilseed
saudi-star-agriculture-and-irrigation-project-in-gambela-ethiopia,Sunflowers
betty-carino-oaxaca-mexico,Minerals
ronnbacken-nickel-mine-vasterbotten-sweden,Nickel
ronnbacken-nickel-mine-vasterbotten-sweden,Cobalt
ronnbacken-nickel-mine-vasterbotten-sweden,Magnetite
rio-tuba-mining-corporation,Nickel. Cobalt.
comunidades-rechazan-expansion-de-mina-marlin-en-huehuetenango-guatemala,Chrome
comunidades-rechazan-expansion-de-mina-marlin-en-huehuetenango-guatemala,Nickel
comunidades-rechazan-expansion-de-mina-marlin-en-huehuetenango-guatemala,Cobalt and Antimony. 
kynnefjall-nuclear-waste-storage-bohuslan-sweden,Nuclear Waste
cerro-verde-arequipa-peru,Molybdenum
cagayan-black-sand-mining-in-shore-area,Magnetite sand
series-of-oil-spills-from-the-conocophillips-and-cnooc-fields-at-bohai-bay-china,Aquaculture products
las-bambas-peru,Concentrado de Molibdeno
loliondo-land-vs-tourism-conflict-tanzania,Animals
loliondo-land-vs-tourism-conflict-tanzania,As Hunting Is One Of The Activities In The Disputed Area.
unemployed-movement-in-ouargla,Shale gas
heilongian-beidahuang-in-rio-negro-argentina,Rape Seed
heilongian-beidahuang-in-rio-negro-argentina,vineyards
heilongian-beidahuang-in-rio-negro-argentina,feed 
eni-green-chemistry-project-in-porto-torres,Thistle
baia-mare,pyrites
shells-toxic-legacy-in-curacao,Heavy metals
mezica-valley-slovenia,Zinc
antipollution-protests-against-local-solar-panel-manufacturers-quanzhou-fujian-china,Copper indium gallium selenide solar cells
panchgaon-maharashtra,Bamboo
panchgaon-maharashtra,wood
panchgaon-maharashtra,biomass for grazing
agribusiness-affecting-indigenous-tremembe-in-ceara,Coconut
fortress-conservation-poaching-and-logging-threatens-mbendjele-communities-republic-of-the-congo,poaching
universidad-nur,Nickel 
aliaga-industrial-conflicts-turkey,Toxic Waste
commerical-mining-protected-areas-of-renca-para-amapa-brazil,"Tantalum
Manganese"
capeco-caribbean-petroleum-company,jet fuel
capeco-caribbean-petroleum-company,gasoline
vale-mining-in-voisys-bay-labrador,"Nickel,
Cobalt"
nuclear-waste-taiwan,Nuclear waste
rospuda-valley,Transport infrastructure
rospuda-valley,plant and animal species
rospuda-valley,peatland ecosystem
industrial-complex-in-pontevedra-spain,"Elnosa - Production Of Chlorine And Derivates

Ence - Paper & Pulp & Energy"
proyecto-de-mineria-submarina-don-diego-es-denunciado-por-pescadores-artesanales,Phosphorus
fourth-belt-b40,Transport services 
monocultivo-de-quinua-en-oruro,Quinua
selaulim-dam-goa-india,Manganese
protest-against-gaoqiao-paraxylene-px-plant-relocating-in-jinshan-shanghai-china,PX - paraxylene
media-campaigns-to-save-the-linda-potato-germany,Seeds
arsenic-poisoning-morinada-milk-japan,Poisoned milk
stone-crushing-machine-sylhet,Stone
stone-crushing-machine-sylhet,building material
urban-development-project-in-maro-malaga-spain,landscape 
emelle-nations-largest-hazardous-waste-landfill-usa,Chemical Waste And Hazardous Materials
salvem-salau-stop-mine-salau1,Tungsten
atlantico-sul-shipyard-pernambuco-brazil,Transport services
atlantico-sul-shipyard-pernambuco-brazil,ship construction
arcelormittal-steel-production-factory-zenica-bosnia-and-herzegovina,Central heating
jingxin-pharmaceutical-factory,medicine
frinds-of-amager-faelled,Infrastructure
frinds-of-amager-faelled,housing
philippine-farmworkers-poisoned-by-dbcp-pesticide,Banana
reopening-of-takahama-nuclear-plants-3-and-4,Plutonium 
bafokeng-platinum-mine-south-africa,"Platinum
"
glencore-katanga-mining-ltd-in-the-democratic-republic-of-congo-drc,Cobalt
mining-of-building-materials-and-quarry-treat-indigenous-pitaguary, crushed stone 
field-report-209-abandoned-tin-mines-endanger-communities,Tin
johnson-controls-lead-processing-kangqiao-shanghai-china,Batteries
severe-water-pollution-at-taihu-lake-jiangsu-china,toxic waste from industrial waste
severe-water-pollution-at-taihu-lake-jiangsu-china,urban sewage and chemical fertilisers
the-fujia-petrochemical-paraxylene-px-plant-protest-in-dalian-liaoning-china,Paraxylene
soda-ash-mining-in-lake-natron-tanzania,Soda Ash
kitchenuhmaykoosib-inninuwug-peoples-against-platinum-exploration-by-platinex-inc-ontario-canada,Platinum
kitchenuhmaykoosib-inninuwug-peoples-against-platinum-exploration-by-platinex-inc-ontario-canada,palladium and rhodium
the-bridge-over-the-strait-of-messina,transport services
waste-incineration-plant-near-wroclaw-lower-silesia-poland,Heat
extraccion-de-litio-en-el-salar-de-uyuni-bolivia,Lithium carbonate and potassium chloride
barra-grande-dam-on-river-pelotas-brazil,Biodiversity
waste-incineration-fuelled-cement-plant-in-morata-de-tajuna-spain,"Plastic Materials
Hospital Waste
Sewage Sludge
Tyres"
contaminacion-por-quema-de-cana-de-azucar-en-nueva-esperanza-peru,Caña
decommissioning-of-the-heliopolis-neighbourhood-tram-line1,Public transport services
decommissioning-of-the-heliopolis-neighbourhood-tram-line1,Fossil vehicle fuel
usa-mobile-user-objective-system-muos-in-niscemi-italy,Communications services
mawchi-tungsten-mine-karenni-state-myanmar,Tin; Tungsten (wolfram)
lafarge-limestonemining-Meghalaya,Limestone
pt-indo-bharat-rayon-viscose-factory-indonesia,viscose staple fibre
pt-indo-bharat-rayon-viscose-factory-indonesia,anhydrous sodium sulphate
pt-indo-bharat-rayon-viscose-factory-indonesia,sulphuric acid.
fatty-oil-and-caustic-soda-spill-in-msunduzi-river-kwazulu-natal-south-africa,Fatty oils
fatty-oil-and-caustic-soda-spill-in-msunduzi-river-kwazulu-natal-south-africa,caustic soda
maruti-suzuki-gujarat-plant-india,Car Manufacturing (Particularly Small Cars)
caserones-chile,Molibdeno
a51-highway-extension-trieves-france,Transport service
killing-of-19-year-old-lumad,Chromium [3]
new-zimbabwe-steel-river-pollution-kwekwe-zimbabwe,Steel
mineria-de-litio-en-el-salar-de-olaroz-cauchari-argentina,Potassium
mineria-de-litio-en-el-salar-de-olaroz-cauchari-argentina,borono.
access-to-green-space-in-los-angeles-usa,Green Space
pingnan-pollution-case,Potassium chlorate
lack-of-clean-water-in-central-valley-ca-usa,Dairy production
lack-of-clean-water-in-central-valley-ca-usa,agricultural products
ho-chunk-tribal,Frac sand
enchroachment-on-mau-forests-complex-kenya,Indigenous Forests
granite-extraction-in-karoonjhar-mountain-in-sindh-pakistan,Granite
antarctic-ocean-sanctuary-argentine-chile-and-the-uk-antarctica,Krill
morococha-displacement-toromocho-project-peru,Molibdeno
indonesia-morowali-industrial-park-imip1,Nickel and cobalt
silawathurei-mass-scale-cashew-plantation-project, Cashew
cerro-matoso-colombia,Nickel Ferronickel
tabio-rio-frio-mining-activities-colombia,Grava
tabio-rio-frio-mining-activities-colombia,Material De Construcción
acueducto-independencia-hermosillo-sonora,-0
coltan-parque-nacional-puinawai-colombia,Coltan
coltan-parque-nacional-puinawai-colombia,Columbita
coltan-parque-nacional-puinawai-colombia,Tantalita
coltan-parque-nacional-puinawai-colombia,Tugsteno.
barbuda-new-airport,limestone
kushinagar-international-airport-up-india,Airport expansion. Pilgrimage.
resistance-to-chevron-ypf-fracking,Shale oil
avenue-royale-casablanca-morocco,Housing
incineration-of-hospital-and-industrial-waste-in-camargos-mg-brazil,Biomedical And Health Care Waste
agip-endless-spills-in-emago-kugbo-edema-and-otuabagi-nigeria,Unknown
fish-processing-plant-senegal,Fishmeal
fish-processing-plant-senegal,fish oil.
makwa-initiative-frontline-resistance-against-enbridges-line-3-replacement-project,Tar Sands Crude Oil: Diluted Bitumen
makwa-initiative-frontline-resistance-against-enbridges-line-3-replacement-project,other types of heavy oil
makwa-initiative-frontline-resistance-against-enbridges-line-3-replacement-project,and light crude oil 
extraccion-de-materiales-cemex-payande-colombia,Arcilla ferruginosa
extraccion-de-materiales-cemex-payande-colombia,caliza y puzolana
bribri-mineria-costa-rica,Nickel
bribri-mineria-costa-rica,Molybdenum
law-enforcers-grab-childrens-park-bangladesh,Public spaces
accras-agbogbloshie-electronic-waste-dump,Natural Hazard Prevention
meiningen-deep-geothermal-energy,Geothermal energy
mainland-mine-manakara-madagascar,Zircon and Rutile
pindeco-pineapple-development-corporation-del-monte-costa-rica,Pineapple
